family,is_italic,is_regular,bold_100,bold_200,bold_300,bold_400,bold_500,bold_600,bold_700,bold_800,bold_900,display,handwriting,monospace,sans-serif,serif,cluster
ABeeZee,1,1,0,0,0,0,0,0,0,0,0,0,0,0,1,0,3
ADLaM Display,0,1,0,0,0,0,0,0,0,0,0,1,0,0,0,0,2
AR One Sans,0,1,0,0,0,0,1,1,1,0,0,0,0,0,1,0,5
Abel,0,1,0,0,0,0,0,0,0,0,0,0,0,0,1,0,3
Abhaya Libre,0,1,0,0,0,0,1,1,1,1,0,0,0,0,0,1,6
Aboreto,0,1,0,0,0,0,0,0,0,0,0,1,0,0,0,0,2
Abril Fatface,0,1,0,0,0,0,0,0,0,0,0,1,0,0,0,0,2
Abyssinica SIL,0,1,0,0,0,0,0,0,0,0,0,0,0,0,0,1,4
Aclonica,0,1,0,0,0,0,0,0,0,0,0,0,0,0,1,0,3
Acme,0,1,0,0,0,0,0,0,0,0,0,0,0,0,1,0,3
Actor,0,1,0,0,0,0,0,0,0,0,0,0,0,0,1,0,3
Adamina,0,1,0,0,0,0,0,0,0,0,0,0,0,0,0,1,4
Advent Pro,1,1,1,1,1,0,1,1,1,1,1,0,0,0,1,0,1
Afacad,1,1,0,0,0,0,1,1,1,0,0,0,0,0,1,0,5
Afacad Flux,0,1,1,1,1,0,1,1,1,1,1,0,0,0,1,0,1
Agbalumo,0,1,0,0,0,0,0,0,0,0,0,1,0,0,0,0,2
Agdasima,0,1,0,0,0,0,0,0,1,0,0,0,0,0,1,0,9
Agu Display,0,1,0,0,0,0,0,0,0,0,0,1,0,0,0,0,2
Aguafina Script,0,1,0,0,0,0,0,0,0,0,0,0,1,0,0,0,0
Akatab,0,1,0,0,0,0,1,1,1,1,1,0,0,0,1,0,5
Akaya Kanadaka,0,1,0,0,0,0,0,0,0,0,0,1,0,0,0,0,2
Akaya Telivigala,0,1,0,0,0,0,0,0,0,0,0,1,0,0,0,0,2
Akronim,0,1,0,0,0,0,0,0,0,0,0,1,0,0,0,0,2
Akshar,0,1,0,0,1,0,1,1,1,0,0,0,0,0,1,0,5
Aladin,0,1,0,0,0,0,0,0,0,0,0,1,0,0,0,0,2
Alan Sans,0,1,0,0,1,0,1,1,1,1,1,0,0,0,1,0,1
Alata,0,1,0,0,0,0,0,0,0,0,0,0,0,0,1,0,3
Alatsi,0,1,0,0,0,0,0,0,0,0,0,0,0,0,1,0,3
Albert Sans,1,1,1,1,1,0,1,1,1,1,1,0,0,0,1,0,1
Aldrich,0,1,0,0,0,0,0,0,0,0,0,0,0,0,1,0,3
Alef,0,1,0,0,0,0,0,0,1,0,0,0,0,0,1,0,9
Alegreya,1,1,0,0,0,0,1,1,1,1,1,0,0,0,0,1,6
Alegreya SC,1,1,0,0,0,0,1,0,1,1,1,0,0,0,0,1,6
Alegreya Sans,1,1,1,0,1,0,1,0,1,1,1,0,0,0,1,0,1
Alegreya Sans SC,1,1,1,0,1,0,1,0,1,1,1,0,0,0,1,0,1
Aleo,1,1,1,1,1,0,1,1,1,1,1,0,0,0,0,1,8
Alex Brush,0,1,0,0,0,0,0,0,0,0,0,0,1,0,0,0,0
Alexandria,0,1,1,1,1,0,1,1,1,1,1,0,0,0,1,0,1
Alfa Slab One,0,1,0,0,0,0,0,0,0,0,0,1,0,0,0,0,2
Alice,0,1,0,0,0,0,0,0,0,0,0,0,0,0,0,1,4
Alike,0,1,0,0,0,0,0,0,0,0,0,0,0,0,0,1,4
Alike Angular,0,1,0,0,0,0,0,0,0,0,0,0,0,0,0,1,4
Alkalami,0,1,0,0,0,0,0,0,0,0,0,0,0,0,0,1,4
Alkatra,0,1,0,0,0,0,1,1,1,0,0,1,0,0,0,0,6
Allan,0,1,0,0,0,0,0,0,1,0,0,1,0,0,0,0,2
Allerta,0,1,0,0,0,0,0,0,0,0,0,0,0,0,1,0,3
Allerta Stencil,0,1,0,0,0,0,0,0,0,0,0,0,0,0,1,0,3
Allison,0,1,0,0,0,0,0,0,0,0,0,0,1,0,0,0,0
Allura,0,1,0,0,0,0,0,0,0,0,0,0,1,0,0,0,0
Almarai,0,1,0,0,1,0,0,0,1,1,0,0,0,0,1,0,9
Almendra,1,1,0,0,0,0,0,0,1,0,0,0,0,0,0,1,4
Almendra Display,0,1,0,0,0,0,0,0,0,0,0,1,0,0,0,0,2
Almendra SC,0,1,0,0,0,0,0,0,0,0,0,0,0,0,0,1,4
Alumni Sans,1,1,1,1,1,0,1,1,1,1,1,0,0,0,1,0,1
Alumni Sans Collegiate One,1,1,0,0,0,0,0,0,0,0,0,0,0,0,1,0,3
Alumni Sans Inline One,1,1,0,0,0,0,0,0,0,0,0,1,0,0,0,0,2
Alumni Sans Pinstripe,1,1,0,0,0,0,0,0,0,0,0,0,0,0,1,0,3
Alumni Sans SC,1,1,1,1,1,0,1,1,1,1,1,0,0,0,1,0,1
Amarante,0,1,0,0,0,0,0,0,0,0,0,1,0,0,0,0,2
Amaranth,1,1,0,0,0,0,0,0,1,0,0,0,0,0,1,0,9
Amatic SC,0,1,0,0,0,0,0,0,1,0,0,0,1,0,0,0,0
Amethysta,0,1,0,0,0,0,0,0,0,0,0,0,0,0,0,1,4
Amiko,0,1,0,0,0,0,0,1,1,0,0,0,0,0,1,0,5
Amiri,1,1,0,0,0,0,0,0,1,0,0,0,0,0,0,1,4
Amiri Quran,0,1,0,0,0,0,0,0,0,0,0,0,0,0,0,1,4
Amita,0,1,0,0,0,0,0,0,1,0,0,0,1,0,0,0,0
Anaheim,0,1,0,0,0,0,1,1,1,1,0,0,0,0,1,0,5
Ancizar Sans,1,1,1,1,1,0,1,1,1,1,1,0,0,0,1,0,1
Ancizar Serif,1,1,0,0,1,0,1,1,1,1,1,0,0,0,0,1,8
Andada Pro,1,1,0,0,0,0,1,1,1,1,0,0,0,0,0,1,6
Andika,1,1,0,0,0,0,0,0,1,0,0,0,0,0,1,0,9
Anek Bangla,0,1,1,1,1,0,1,1,1,1,0,0,0,0,1,0,1
Anek Devanagari,0,1,1,1,1,0,1,1,1,1,0,0,0,0,1,0,1
Anek Gujarati,0,1,1,1,1,0,1,1,1,1,0,0,0,0,1,0,1
Anek Gurmukhi,0,1,1,1,1,0,1,1,1,1,0,0,0,0,1,0,1
Anek Kannada,0,1,1,1,1,0,1,1,1,1,0,0,0,0,1,0,1
Anek Latin,0,1,1,1,1,0,1,1,1,1,0,0,0,0,1,0,1
Anek Malayalam,0,1,1,1,1,0,1,1,1,1,0,0,0,0,1,0,1
Anek Odia,0,1,1,1,1,0,1,1,1,1,0,0,0,0,1,0,1
Anek Tamil,0,1,1,1,1,0,1,1,1,1,0,0,0,0,1,0,1
Anek Telugu,0,1,1,1,1,0,1,1,1,1,0,0,0,0,1,0,1
Angkor,0,1,0,0,0,0,0,0,0,0,0,1,0,0,0,0,2
Annapurna SIL,0,1,0,0,0,0,0,0,1,0,0,0,0,0,0,1,4
Annie Use Your Telescope,0,1,0,0,0,0,0,0,0,0,0,0,1,0,0,0,0
Anonymous Pro,1,1,0,0,0,0,0,0,1,0,0,0,0,1,0,0,9
Anta,0,1,0,0,0,0,0,0,0,0,0,0,0,0,1,0,3
Antic,0,1,0,0,0,0,0,0,0,0,0,0,0,0,1,0,3
Antic Didone,0,1,0,0,0,0,0,0,0,0,0,0,0,0,0,1,4
Antic Slab,0,1,0,0,0,0,0,0,0,0,0,0,0,0,0,1,4
Anton,0,1,0,0,0,0,0,0,0,0,0,0,0,0,1,0,3
Anton SC,0,1,0,0,0,0,0,0,0,0,0,0,0,0,1,0,3
Antonio,0,1,1,1,1,0,1,1,1,0,0,0,0,0,1,0,1
Anuphan,0,1,1,1,1,0,1,1,1,0,0,0,0,0,1,0,1
Anybody,1,1,1,1,1,0,1,1,1,1,1,1,0,0,0,0,8
Aoboshi One,0,1,0,0,0,0,0,0,0,0,0,0,0,0,0,1,4
Arapey,1,1,0,0,0,0,0,0,0,0,0,0,0,0,0,1,4
Arbutus,0,1,0,0,0,0,0,0,0,0,0,0,0,0,0,1,4
Arbutus Slab,0,1,0,0,0,0,0,0,0,0,0,0,0,0,0,1,4
Architects Daughter,0,1,0,0,0,0,0,0,0,0,0,0,1,0,0,0,0
Archivo,1,1,1,1,1,0,1,1,1,1,1,0,0,0,1,0,1
Archivo Black,0,1,0,0,0,0,0,0,0,0,0,0,0,0,1,0,3
Archivo Narrow,1,1,0,0,0,0,1,1,1,0,0,0,0,0,1,0,5
Are You Serious,0,1,0,0,0,0,0,0,0,0,0,0,1,0,0,0,0
Aref Ruqaa,0,1,0,0,0,0,0,0,1,0,0,0,0,0,0,1,4
Aref Ruqaa Ink,0,1,0,0,0,0,0,0,1,0,0,0,0,0,0,1,4
Arima,0,1,1,1,1,0,1,1,1,0,0,1,0,0,0,0,8
Arimo,1,1,0,0,0,0,1,1,1,0,0,0,0,0,1,0,5
Arizonia,0,1,0,0,0,0,0,0,0,0,0,0,1,0,0,0,0
Armata,0,1,0,0,0,0,0,0,0,0,0,0,0,0,1,0,3
Arsenal,1,1,0,0,0,0,0,0,1,0,0,0,0,0,1,0,9
Arsenal SC,1,1,0,0,0,0,0,0,1,0,0,0,0,0,1,0,9
Artifika,0,1,0,0,0,0,0,0,0,0,0,0,0,0,0,1,4
Arvo,1,1,0,0,0,0,0,0,1,0,0,0,0,0,0,1,4
Arya,0,1,0,0,0,0,0,0,1,0,0,0,0,0,1,0,9
Asap,1,1,1,1,1,0,1,1,1,1,1,0,0,0,1,0,1
Asap Condensed,1,1,0,1,1,0,1,1,1,1,1,0,0,0,1,0,1
Asar,0,1,0,0,0,0,0,0,0,0,0,0,0,0,0,1,4
Asimovian,0,1,0,0,0,0,0,0,0,0,0,0,0,0,1,0,3
Asset,0,1,0,0,0,0,0,0,0,0,0,1,0,0,0,0,2
Assistant,0,1,0,1,1,0,1,1,1,1,0,0,0,0,1,0,1
Asta Sans,0,1,0,0,1,0,1,1,1,1,0,0,0,0,1,0,5
Astloch,0,1,0,0,0,0,0,0,1,0,0,1,0,0,0,0,2
Asul,0,1,0,0,0,0,0,0,1,0,0,0,0,0,0,1,4
Athiti,0,1,0,1,1,0,1,1,1,0,0,0,0,0,1,0,5
Atkinson Hyperlegible,1,1,0,0,0,0,0,0,1,0,0,0,0,0,1,0,9
Atkinson Hyperlegible Mono,1,1,0,1,1,0,1,1,1,1,0,0,0,0,1,0,1
Atkinson Hyperlegible Next,1,1,0,1,1,0,1,1,1,1,0,0,0,0,1,0,1
Atma,0,1,0,0,1,0,1,1,1,0,0,1,0,0,0,0,5
Atomic Age,0,1,0,0,0,0,0,0,0,0,0,1,0,0,0,0,2
Aubrey,0,1,0,0,0,0,0,0,0,0,0,1,0,0,0,0,2
Audiowide,0,1,0,0,0,0,0,0,0,0,0,1,0,0,0,0,2
Autour One,0,1,0,0,0,0,0,0,0,0,0,1,0,0,0,0,2
Average,0,1,0,0,0,0,0,0,0,0,0,0,0,0,0,1,4
Average Sans,0,1,0,0,0,0,0,0,0,0,0,0,0,0,1,0,3
Averia Gruesa Libre,0,1,0,0,0,0,0,0,0,0,0,1,0,0,0,0,2
Averia Libre,1,1,0,0,1,0,0,0,1,0,0,1,0,0,0,0,9
Averia Sans Libre,1,1,0,0,1,0,0,0,1,0,0,1,0,0,0,0,9
Averia Serif Libre,1,1,0,0,1,0,0,0,1,0,0,1,0,0,0,0,9
Azeret Mono,1,1,1,1,1,0,1,1,1,1,1,0,0,1,0,0,8
B612,1,1,0,0,0,0,0,0,1,0,0,0,0,0,1,0,9
B612 Mono,1,1,0,0,0,0,0,0,1,0,0,0,0,1,0,0,9
BBH Sans Bartle,0,1,0,0,0,0,0,0,0,0,0,0,0,0,1,0,3
BBH Sans Bogle,0,1,0,0,0,0,0,0,0,0,0,0,0,0,1,0,3
BBH Sans Hegarty,0,1,0,0,0,0,0,0,0,0,0,0,0,0,1,0,3
BIZ UDGothic,0,1,0,0,0,0,0,0,1,0,0,0,0,0,1,0,9
BIZ UDMincho,0,1,0,0,0,0,0,0,1,0,0,0,0,0,0,1,4
BIZ UDPGothic,0,1,0,0,0,0,0,0,1,0,0,0,0,0,1,0,9
BIZ UDPMincho,0,1,0,0,0,0,0,0,1,0,0,0,0,0,0,1,4
Babylonica,0,1,0,0,0,0,0,0,0,0,0,0,1,0,0,0,0
Bacasime Antique,0,1,0,0,0,0,0,0,0,0,0,0,0,0,0,1,4
Bad Script,0,1,0,0,0,0,0,0,0,0,0,0,1,0,0,0,0
Badeen Display,0,1,0,0,0,0,0,0,0,0,0,1,0,0,0,0,2
Bagel Fat One,0,1,0,0,0,0,0,0,0,0,0,1,0,0,0,0,2
Bahiana,0,1,0,0,0,0,0,0,0,0,0,1,0,0,0,0,2
Bahianita,0,1,0,0,0,0,0,0,0,0,0,1,0,0,0,0,2
Bai Jamjuree,1,1,0,1,1,0,1,1,1,0,0,0,0,0,1,0,5
Bakbak One,0,1,0,0,0,0,0,0,0,0,0,1,0,0,0,0,2
Ballet,0,1,0,0,0,0,0,0,0,0,0,0,1,0,0,0,0
Baloo 2,0,1,0,0,0,0,1,1,1,1,0,1,0,0,0,0,6
Baloo Bhai 2,0,1,0,0,0,0,1,1,1,1,0,1,0,0,0,0,6
Baloo Bhaijaan 2,0,1,0,0,0,0,1,1,1,1,0,1,0,0,0,0,6
Baloo Bhaina 2,0,1,0,0,0,0,1,1,1,1,0,1,0,0,0,0,6
Baloo Chettan 2,0,1,0,0,0,0,1,1,1,1,0,1,0,0,0,0,6
Baloo Da 2,0,1,0,0,0,0,1,1,1,1,0,1,0,0,0,0,6
Baloo Paaji 2,0,1,0,0,0,0,1,1,1,1,0,1,0,0,0,0,6
Baloo Tamma 2,0,1,0,0,0,0,1,1,1,1,0,1,0,0,0,0,6
Baloo Tammudu 2,0,1,0,0,0,0,1,1,1,1,0,1,0,0,0,0,6
Baloo Thambi 2,0,1,0,0,0,0,1,1,1,1,0,1,0,0,0,0,6
Balsamiq Sans,1,1,0,0,0,0,0,0,1,0,0,1,0,0,0,0,9
Balthazar,0,1,0,0,0,0,0,0,0,0,0,0,0,0,0,1,4
Bangers,0,1,0,0,0,0,0,0,0,0,0,1,0,0,0,0,2
Barlow,1,1,1,1,1,0,1,1,1,1,1,0,0,0,1,0,1
Barlow Condensed,1,1,1,1,1,0,1,1,1,1,1,0,0,0,1,0,1
Barlow Semi Condensed,1,1,1,1,1,0,1,1,1,1,1,0,0,0,1,0,1
Barriecito,0,1,0,0,0,0,0,0,0,0,0,1,0,0,0,0,2
Barrio,0,1,0,0,0,0,0,0,0,0,0,1,0,0,0,0,2
Basic,0,1,0,0,0,0,0,0,0,0,0,0,0,0,1,0,3
Baskervville,1,1,0,0,0,0,1,1,1,0,0,0,0,0,0,1,6
Baskervville SC,0,1,0,0,0,0,1,1,1,0,0,0,0,0,0,1,6
Battambang,0,1,1,0,1,0,0,0,1,0,1,1,0,0,0,0,2
Baumans,0,1,0,0,0,0,0,0,0,0,0,1,0,0,0,0,2
Bayon,0,1,0,0,0,0,0,0,0,0,0,0,0,0,1,0,3
Be Vietnam Pro,1,1,1,1,1,0,1,1,1,1,1,0,0,0,1,0,1
Beau Rivage,0,1,0,0,0,0,0,0,0,0,0,0,1,0,0,0,0
Bebas Neue,0,1,0,0,0,0,0,0,0,0,0,0,0,0,1,0,3
Beiruti,0,1,0,1,1,0,1,1,1,1,1,0,0,0,1,0,1
Belanosima,0,1,0,0,0,0,0,1,1,0,0,0,0,0,1,0,5
Belgrano,0,1,0,0,0,0,0,0,0,0,0,0,0,0,0,1,4
Bellefair,0,1,0,0,0,0,0,0,0,0,0,0,0,0,0,1,4
Belleza,0,1,0,0,0,0,0,0,0,0,0,0,0,0,1,0,3
Bellota,1,1,0,0,1,0,0,0,1,0,0,1,0,0,0,0,9
Bellota Text,1,1,0,0,1,0,0,0,1,0,0,1,0,0,0,0,9
BenchNine,0,1,0,0,1,0,0,0,1,0,0,0,0,0,1,0,9
Benne,0,1,0,0,0,0,0,0,0,0,0,0,0,0,0,1,4
Bentham,0,1,0,0,0,0,0,0,0,0,0,0,0,0,0,1,4
Berkshire Swash,0,1,0,0,0,0,0,0,0,0,0,0,1,0,0,0,0
Besley,1,1,0,0,0,0,1,1,1,1,1,0,0,0,0,1,6
Beth Ellen,0,1,0,0,0,0,0,0,0,0,0,0,1,0,0,0,0
Bevan,1,1,0,0,0,0,0,0,0,0,0,0,0,0,0,1,4
BhuTuka Expanded One,0,1,0,0,0,0,0,0,0,0,0,0,0,0,0,1,4
Big Shoulders,0,1,1,1,1,0,1,1,1,1,1,1,0,0,0,0,8
Big Shoulders Inline,0,1,1,1,1,0,1,1,1,1,1,1,0,0,0,0,8
Big Shoulders Stencil,0,1,1,1,1,0,1,1,1,1,1,1,0,0,0,0,8
Bigelow Rules,0,1,0,0,0,0,0,0,0,0,0,1,0,0,0,0,2
Bigshot One,0,1,0,0,0,0,0,0,0,0,0,1,0,0,0,0,2
Bilbo,0,1,0,0,0,0,0,0,0,0,0,0,1,0,0,0,0
Bilbo Swash Caps,0,1,0,0,0,0,0,0,0,0,0,0,1,0,0,0,0
BioRhyme,0,1,0,1,1,0,1,1,1,1,0,0,0,0,0,1,8
BioRhyme Expanded,0,1,0,1,1,0,0,0,1,1,0,0,0,0,0,1,8
Birthstone,0,1,0,0,0,0,0,0,0,0,0,0,1,0,0,0,0
Birthstone Bounce,0,1,0,0,0,0,1,0,0,0,0,0,1,0,0,0,0
Biryani,0,1,0,1,1,0,0,1,1,1,1,0,0,0,1,0,1
Bitcount,0,1,1,1,1,0,1,1,1,1,1,1,0,0,0,0,8
Bitcount Grid Double,0,1,1,1,1,0,1,1,1,1,1,1,0,0,0,0,8
Bitcount Grid Double Ink,0,1,1,1,1,0,1,1,1,1,1,1,0,0,0,0,8
Bitcount Grid Single,0,1,1,1,1,0,1,1,1,1,1,1,0,0,0,0,8
Bitcount Grid Single Ink,0,1,1,1,1,0,1,1,1,1,1,1,0,0,0,0,8
Bitcount Ink,0,1,1,1,1,0,1,1,1,1,1,1,0,0,0,0,8
Bitcount Prop Double,0,1,1,1,1,0,1,1,1,1,1,1,0,0,0,0,8
Bitcount Prop Double Ink,0,1,1,1,1,0,1,1,1,1,1,1,0,0,0,0,8
Bitcount Prop Single,0,1,1,1,1,0,1,1,1,1,1,1,0,0,0,0,8
Bitcount Prop Single Ink,0,1,1,1,1,0,1,1,1,1,1,1,0,0,0,0,8
Bitcount Single,0,1,1,1,1,0,1,1,1,1,1,1,0,0,0,0,8
Bitcount Single Ink,0,1,1,1,1,0,1,1,1,1,1,1,0,0,0,0,8
Bitter,1,1,1,1,1,0,1,1,1,1,1,0,0,0,0,1,8
Black And White Picture,0,1,0,0,0,0,0,0,0,0,0,1,0,0,0,0,2
Black Han Sans,0,1,0,0,0,0,0,0,0,0,0,0,0,0,1,0,3
Black Ops One,0,1,0,0,0,0,0,0,0,0,0,1,0,0,0,0,2
Blaka,0,1,0,0,0,0,0,0,0,0,0,1,0,0,0,0,2
Blaka Hollow,0,1,0,0,0,0,0,0,0,0,0,1,0,0,0,0,2
Blaka Ink,0,1,0,0,0,0,0,0,0,0,0,1,0,0,0,0,2
Blinker,0,1,1,1,1,0,0,1,1,1,1,0,0,0,1,0,1
Bodoni Moda,1,1,0,0,0,0,1,1,1,1,1,0,0,0,0,1,6
Bodoni Moda SC,1,1,0,0,0,0,1,1,1,1,1,0,0,0,0,1,6
Bokor,0,1,0,0,0,0,0,0,0,0,0,1,0,0,0,0,2
Boldonse,0,1,0,0,0,0,0,0,0,0,0,1,0,0,0,0,2
Bona Nova,1,1,0,0,0,0,0,0,1,0,0,0,0,0,0,1,4
Bona Nova SC,1,1,0,0,0,0,0,0,1,0,0,0,0,0,0,1,4
Bonbon,0,1,0,0,0,0,0,0,0,0,0,0,1,0,0,0,0
Bonheur Royale,0,1,0,0,0,0,0,0,0,0,0,0,1,0,0,0,0
Boogaloo,0,1,0,0,0,0,0,0,0,0,0,1,0,0,0,0,2
Borel,0,1,0,0,0,0,0,0,0,0,0,0,1,0,0,0,0
Bowlby One,0,1,0,0,0,0,0,0,0,0,0,1,0,0,0,0,2
Bowlby One SC,0,1,0,0,0,0,0,0,0,0,0,1,0,0,0,0,2
Braah One,0,1,0,0,0,0,0,0,0,0,0,0,0,0,1,0,3
Brawler,0,1,0,0,0,0,0,0,1,0,0,0,0,0,0,1,4
Bree Serif,0,1,0,0,0,0,0,0,0,0,0,0,0,0,0,1,4
Bricolage Grotesque,0,1,0,1,1,0,1,1,1,1,0,0,0,0,1,0,1
Bruno Ace,0,1,0,0,0,0,0,0,0,0,0,1,0,0,0,0,2
Bruno Ace SC,0,1,0,0,0,0,0,0,0,0,0,1,0,0,0,0,2
Brygada 1918,1,1,0,0,0,0,1,1,1,0,0,0,0,0,0,1,6
Bubblegum Sans,0,1,0,0,0,0,0,0,0,0,0,1,0,0,0,0,2
Bubbler One,0,1,0,0,0,0,0,0,0,0,0,0,0,0,1,0,3
Buda,0,0,0,0,1,0,0,0,0,0,0,1,0,0,0,0,2
Buenard,0,1,0,0,0,0,1,1,1,0,0,0,0,0,0,1,6
Bungee,0,1,0,0,0,0,0,0,0,0,0,1,0,0,0,0,2
Bungee Hairline,0,1,0,0,0,0,0,0,0,0,0,1,0,0,0,0,2
Bungee Inline,0,1,0,0,0,0,0,0,0,0,0,1,0,0,0,0,2
Bungee Outline,0,1,0,0,0,0,0,0,0,0,0,1,0,0,0,0,2
Bungee Shade,0,1,0,0,0,0,0,0,0,0,0,1,0,0,0,0,2
Bungee Spice,0,1,0,0,0,0,0,0,0,0,0,1,0,0,0,0,2
Bungee Tint,0,1,0,0,0,0,0,0,0,0,0,1,0,0,0,0,2
Butcherman,0,1,0,0,0,0,0,0,0,0,0,1,0,0,0,0,2
Butterfly Kids,0,1,0,0,0,0,0,0,0,0,0,0,1,0,0,0,0
Bytesized,0,1,0,0,0,0,0,0,0,0,0,0,0,0,1,0,3
Cabin,1,1,0,0,0,0,1,1,1,0,0,0,0,0,1,0,5
Cabin Condensed,0,1,0,0,0,0,1,1,1,0,0,0,0,0,1,0,5
Cabin Sketch,0,1,0,0,0,0,0,0,1,0,0,1,0,0,0,0,2
Cactus Classical Serif,0,1,0,0,0,0,0,0,0,0,0,0,0,0,0,1,4
Caesar Dressing,0,1,0,0,0,0,0,0,0,0,0,1,0,0,0,0,2
Cagliostro,0,1,0,0,0,0,0,0,0,0,0,0,0,0,1,0,3
Cairo,0,1,0,1,1,0,1,1,1,1,1,0,0,0,1,0,1
Cairo Play,0,1,0,1,1,0,1,1,1,1,1,0,0,0,1,0,1
Cal Sans,0,1,0,0,0,0,0,0,0,0,0,0,0,0,1,0,3
Caladea,1,1,0,0,0,0,0,0,1,0,0,0,0,0,0,1,4
Calistoga,0,1,0,0,0,0,0,0,0,0,0,1,0,0,0,0,2
Calligraffitti,0,1,0,0,0,0,0,0,0,0,0,0,1,0,0,0,0
Cambay,1,1,0,0,0,0,0,0,1,0,0,0,0,0,1,0,9
Cambo,0,1,0,0,0,0,0,0,0,0,0,0,0,0,0,1,4
Candal,0,1,0,0,0,0,0,0,0,0,0,0,0,0,1,0,3
Cantarell,1,1,0,0,0,0,0,0,1,0,0,0,0,0,1,0,9
Cantata One,0,1,0,0,0,0,0,0,0,0,0,0,0,0,0,1,4
Cantora One,0,1,0,0,0,0,0,0,0,0,0,0,0,0,1,0,3
Caprasimo,0,1,0,0,0,0,0,0,0,0,0,1,0,0,0,0,2
Capriola,0,1,0,0,0,0,0,0,0,0,0,0,0,0,1,0,3
Caramel,0,1,0,0,0,0,0,0,0,0,0,0,1,0,0,0,0
Carattere,0,1,0,0,0,0,0,0,0,0,0,0,1,0,0,0,0
Cardo,1,1,0,0,0,0,0,0,1,0,0,0,0,0,0,1,4
Carlito,1,1,0,0,0,0,0,0,1,0,0,0,0,0,1,0,9
Carme,0,1,0,0,0,0,0,0,0,0,0,0,0,0,1,0,3
Carrois Gothic,0,1,0,0,0,0,0,0,0,0,0,0,0,0,1,0,3
Carrois Gothic SC,0,1,0,0,0,0,0,0,0,0,0,0,0,0,1,0,3
Carter One,0,1,0,0,0,0,0,0,0,0,0,1,0,0,0,0,2
Cascadia Code,1,1,0,1,1,0,1,1,1,0,0,0,0,0,1,0,5
Cascadia Mono,1,1,0,1,1,0,1,1,1,0,0,0,0,0,1,0,5
Castoro,1,1,0,0,0,0,0,0,0,0,0,0,0,0,0,1,4
Castoro Titling,0,1,0,0,0,0,0,0,0,0,0,1,0,0,0,0,2
Catamaran,0,1,1,1,1,0,1,1,1,1,1,0,0,0,1,0,1
Caudex,1,1,0,0,0,0,0,0,1,0,0,0,0,0,0,1,4
Caveat,0,1,0,0,0,0,1,1,1,0,0,0,1,0,0,0,5
Caveat Brush,0,1,0,0,0,0,0,0,0,0,0,0,1,0,0,0,0
Cedarville Cursive,0,1,0,0,0,0,0,0,0,0,0,0,1,0,0,0,0
Ceviche One,0,1,0,0,0,0,0,0,0,0,0,1,0,0,0,0,2
Chakra Petch,1,1,0,0,1,0,1,1,1,0,0,0,0,0,1,0,5
Changa,0,1,0,1,1,0,1,1,1,1,0,0,0,0,1,0,1
Changa One,1,1,0,0,0,0,0,0,0,0,0,1,0,0,0,0,2
Chango,0,1,0,0,0,0,0,0,0,0,0,1,0,0,0,0,2
Charis SIL,1,1,0,0,0,0,0,0,1,0,0,0,0,0,0,1,4
Charm,0,1,0,0,0,0,0,0,1,0,0,0,1,0,0,0,0
Charmonman,0,1,0,0,0,0,0,0,1,0,0,0,1,0,0,0,0
Chathura,0,1,1,0,1,0,0,0,1,1,0,0,0,0,1,0,9
Chau Philomene One,1,1,0,0,0,0,0,0,0,0,0,0,0,0,1,0,3
Chela One,0,1,0,0,0,0,0,0,0,0,0,1,0,0,0,0,2
Chelsea Market,0,1,0,0,0,0,0,0,0,0,0,1,0,0,0,0,2
Chenla,0,1,0,0,0,0,0,0,0,0,0,1,0,0,0,0,2
Cherish,0,1,0,0,0,0,0,0,0,0,0,0,1,0,0,0,0
Cherry Bomb One,0,1,0,0,0,0,0,0,0,0,0,1,0,0,0,0,2
Cherry Cream Soda,0,1,0,0,0,0,0,0,0,0,0,1,0,0,0,0,2
Cherry Swash,0,1,0,0,0,0,0,0,1,0,0,1,0,0,0,0,2
Chewy,0,1,0,0,0,0,0,0,0,0,0,1,0,0,0,0,2
Chicle,0,1,0,0,0,0,0,0,0,0,0,1,0,0,0,0,2
Chilanka,0,1,0,0,0,0,0,0,0,0,0,0,1,0,0,0,0
Chiron GoRound TC,0,1,0,1,1,0,1,1,1,1,1,0,0,0,1,0,1
Chiron Hei HK,1,1,0,1,1,0,1,1,1,1,1,0,0,0,1,0,1
Chiron Sung HK,1,1,0,1,1,0,1,1,1,1,1,0,0,0,0,1,8
Chivo,1,1,1,1,1,0,1,1,1,1,1,0,0,0,1,0,1
Chivo Mono,1,1,1,1,1,0,1,1,1,1,1,0,0,1,0,0,8
Chocolate Classical Sans,0,1,0,0,0,0,0,0,0,0,0,0,0,0,1,0,3
Chokokutai,0,1,0,0,0,0,0,0,0,0,0,1,0,0,0,0,2
Chonburi,0,1,0,0,0,0,0,0,0,0,0,1,0,0,0,0,2
Cinzel,0,1,0,0,0,0,1,1,1,1,1,0,0,0,0,1,6
Cinzel Decorative,0,1,0,0,0,0,0,0,1,0,1,1,0,0,0,0,2
Clicker Script,0,1,0,0,0,0,0,0,0,0,0,0,1,0,0,0,0
Climate Crisis,0,1,0,0,0,0,0,0,0,0,0,1,0,0,0,0,2
Coda,0,1,0,0,0,0,0,0,0,1,0,1,0,0,0,0,2
Codystar,0,1,0,0,1,0,0,0,0,0,0,1,0,0,0,0,2
Coiny,0,1,0,0,0,0,0,0,0,0,0,1,0,0,0,0,2
Combo,0,1,0,0,0,0,0,0,0,0,0,1,0,0,0,0,2
Comfortaa,0,1,0,0,1,0,1,1,1,0,0,1,0,0,0,0,5
Comforter,0,1,0,0,0,0,0,0,0,0,0,0,1,0,0,0,0
Comforter Brush,0,1,0,0,0,0,0,0,0,0,0,0,1,0,0,0,0
Comic Neue,1,1,0,0,1,0,0,0,1,0,0,0,1,0,0,0,9
Comic Relief,0,1,0,0,0,0,0,0,1,0,0,1,0,0,0,0,2
Coming Soon,0,1,0,0,0,0,0,0,0,0,0,0,1,0,0,0,0
Comme,0,1,1,1,1,0,1,1,1,1,1,0,0,0,1,0,1
Commissioner,0,1,1,1,1,0,1,1,1,1,1,0,0,0,1,0,1
Concert One,0,1,0,0,0,0,0,0,0,0,0,1,0,0,0,0,2
Condiment,0,1,0,0,0,0,0,0,0,0,0,0,1,0,0,0,0
Content,0,1,0,0,0,0,0,0,1,0,0,1,0,0,0,0,2
Contrail One,0,1,0,0,0,0,0,0,0,0,0,1,0,0,0,0,2
Convergence,0,1,0,0,0,0,0,0,0,0,0,0,0,0,1,0,3
Cookie,0,1,0,0,0,0,0,0,0,0,0,0,1,0,0,0,0
Copse,0,1,0,0,0,0,0,0,0,0,0,0,0,0,0,1,4
Coral Pixels,0,1,0,0,0,0,0,0,0,0,0,1,0,0,0,0,2
Corben,0,1,0,0,0,0,0,0,1,0,0,1,0,0,0,0,2
Corinthia,0,1,0,0,0,0,0,0,1,0,0,0,1,0,0,0,0
Cormorant,1,1,0,0,1,0,1,1,1,0,0,0,0,0,0,1,6
Cormorant Garamond,1,1,0,0,1,0,1,1,1,0,0,0,0,0,0,1,6
Cormorant Infant,1,1,0,0,1,0,1,1,1,0,0,0,0,0,0,1,6
Cormorant SC,0,1,0,0,1,0,1,1,1,0,0,0,0,0,0,1,6
Cormorant Unicase,0,1,0,0,1,0,1,1,1,0,0,0,0,0,0,1,6
Cormorant Upright,0,1,0,0,1,0,1,1,1,0,0,0,0,0,0,1,6
Cossette Texte,0,1,0,0,0,0,0,0,1,0,0,0,0,0,1,0,9
Cossette Titre,0,1,0,0,0,0,0,0,1,0,0,0,0,0,1,0,9
Courgette,0,1,0,0,0,0,0,0,0,0,0,0,1,0,0,0,0
Courier Prime,1,1,0,0,0,0,0,0,1,0,0,0,0,1,0,0,9
Cousine,1,1,0,0,0,0,0,0,1,0,0,0,0,1,0,0,9
Coustard,0,1,0,0,0,0,0,0,0,0,1,0,0,0,0,1,4
Covered By Your Grace,0,1,0,0,0,0,0,0,0,0,0,0,1,0,0,0,0
Crafty Girls,0,1,0,0,0,0,0,0,0,0,0,0,1,0,0,0,0
Creepster,0,1,0,0,0,0,0,0,0,0,0,1,0,0,0,0,2
Crete Round,1,1,0,0,0,0,0,0,0,0,0,0,0,0,0,1,4
Crimson Pro,1,1,0,1,1,0,1,1,1,1,1,0,0,0,0,1,8
Crimson Text,1,1,0,0,0,0,0,1,1,0,0,0,0,0,0,1,6
Croissant One,0,1,0,0,0,0,0,0,0,0,0,1,0,0,0,0,2
Crushed,0,1,0,0,0,0,0,0,0,0,0,1,0,0,0,0,2
Cuprum,1,1,0,0,0,0,1,1,1,0,0,0,0,0,1,0,5
Cute Font,0,1,0,0,0,0,0,0,0,0,0,1,0,0,0,0,2
Cutive,0,1,0,0,0,0,0,0,0,0,0,0,0,0,0,1,4
Cutive Mono,0,1,0,0,0,0,0,0,0,0,0,0,0,1,0,0,0
DM Mono,1,1,0,0,1,0,1,0,0,0,0,0,0,1,0,0,9
DM Sans,1,1,1,1,1,0,1,1,1,1,1,0,0,0,1,0,1
DM Serif Display,1,1,0,0,0,0,0,0,0,0,0,0,0,0,0,1,4
DM Serif Text,1,1,0,0,0,0,0,0,0,0,0,0,0,0,0,1,4
Dai Banna SIL,1,1,0,0,1,0,1,1,1,0,0,0,0,0,0,1,6
Damion,0,1,0,0,0,0,0,0,0,0,0,0,1,0,0,0,0
Dancing Script,0,1,0,0,0,0,1,1,1,0,0,0,1,0,0,0,5
Danfo,0,1,0,0,0,0,0,0,0,0,0,0,0,0,0,1,4
Dangrek,0,1,0,0,0,0,0,0,0,0,0,1,0,0,0,0,2
Darker Grotesque,0,1,0,0,1,0,1,1,1,1,1,0,0,0,1,0,1
Darumadrop One,0,1,0,0,0,0,0,0,0,0,0,1,0,0,0,0,2
David Libre,0,1,0,0,0,0,1,0,1,0,0,0,0,0,0,1,6
Dawning of a New Day,0,1,0,0,0,0,0,0,0,0,0,0,1,0,0,0,0
Days One,0,1,0,0,0,0,0,0,0,0,0,0,0,0,1,0,3
Dekko,0,1,0,0,0,0,0,0,0,0,0,0,1,0,0,0,0
Dela Gothic One,0,1,0,0,0,0,0,0,0,0,0,1,0,0,0,0,2
Delicious Handrawn,0,1,0,0,0,0,0,0,0,0,0,0,1,0,0,0,0
Delius,0,1,0,0,0,0,0,0,0,0,0,0,1,0,0,0,0
Delius Swash Caps,0,1,0,0,0,0,0,0,0,0,0,0,1,0,0,0,0
Delius Unicase,0,1,0,0,0,0,0,0,1,0,0,0,1,0,0,0,0
Della Respira,0,1,0,0,0,0,0,0,0,0,0,0,0,0,0,1,4
Denk One,0,1,0,0,0,0,0,0,0,0,0,0,0,0,1,0,3
Devonshire,0,1,0,0,0,0,0,0,0,0,0,0,1,0,0,0,0
Dhurjati,0,1,0,0,0,0,0,0,0,0,0,0,0,0,1,0,3
Didact Gothic,0,1,0,0,0,0,0,0,0,0,0,0,0,0,1,0,3
Diphylleia,0,1,0,0,0,0,0,0,0,0,0,0,0,0,0,1,4
Diplomata,0,1,0,0,0,0,0,0,0,0,0,1,0,0,0,0,2
Diplomata SC,0,1,0,0,0,0,0,0,0,0,0,1,0,0,0,0,2
Do Hyeon,0,1,0,0,0,0,0,0,0,0,0,0,0,0,1,0,3
Dokdo,0,1,0,0,0,0,0,0,0,0,0,1,0,0,0,0,2
Domine,0,1,0,0,0,0,1,1,1,0,0,0,0,0,0,1,6
Donegal One,0,1,0,0,0,0,0,0,0,0,0,0,0,0,0,1,4
Dongle,0,1,0,0,1,0,0,0,1,0,0,0,0,0,1,0,9
Doppio One,0,1,0,0,0,0,0,0,0,0,0,0,0,0,1,0,3
Dorsa,0,1,0,0,0,0,0,0,0,0,0,0,0,0,1,0,3
Dosis,0,1,0,1,1,0,1,1,1,1,0,0,0,0,1,0,1
DotGothic16,0,1,0,0,0,0,0,0,0,0,0,0,0,0,1,0,3
Doto,0,1,1,1,1,0,1,1,1,1,1,0,0,0,1,0,1
Dr Sugiyama,0,1,0,0,0,0,0,0,0,0,0,0,1,0,0,0,0
Duru Sans,0,1,0,0,0,0,0,0,0,0,0,0,0,0,1,0,3
DynaPuff,0,1,0,0,0,0,1,1,1,0,0,1,0,0,0,0,6
Dynalight,0,1,0,0,0,0,0,0,0,0,0,1,0,0,0,0,2
EB Garamond,1,1,0,0,0,0,1,1,1,1,0,0,0,0,0,1,6
Eagle Lake,0,1,0,0,0,0,0,0,0,0,0,0,1,0,0,0,0
East Sea Dokdo,0,1,0,0,0,0,0,0,0,0,0,0,1,0,0,0,0
Eater,0,1,0,0,0,0,0,0,0,0,0,1,0,0,0,0,2
Economica,1,1,0,0,0,0,0,0,1,0,0,0,0,0,1,0,9
Eczar,0,1,0,0,0,0,1,1,1,1,0,0,0,0,0,1,6
Edu AU VIC WA NT Arrows,0,1,0,0,0,0,1,1,1,0,0,0,1,0,0,0,5
Edu AU VIC WA NT Dots,0,1,0,0,0,0,1,1,1,0,0,0,1,0,0,0,5
Edu AU VIC WA NT Guides,0,1,0,0,0,0,1,1,1,0,0,0,1,0,0,0,5
Edu AU VIC WA NT Hand,0,1,0,0,0,0,1,1,1,0,0,0,1,0,0,0,5
Edu AU VIC WA NT Pre,0,1,0,0,0,0,1,1,1,0,0,0,1,0,0,0,5
Edu NSW ACT Cursive,0,1,0,0,0,0,1,1,1,0,0,0,1,0,0,0,5
Edu NSW ACT Foundation,0,1,0,0,0,0,1,1,1,0,0,0,1,0,0,0,5
Edu NSW ACT Hand Pre,0,1,0,0,0,0,1,1,1,0,0,0,1,0,0,0,5
Edu QLD Beginner,0,1,0,0,0,0,1,1,1,0,0,0,1,0,0,0,5
Edu QLD Hand,0,1,0,0,0,0,1,1,1,0,0,0,1,0,0,0,5
Edu SA Beginner,0,1,0,0,0,0,1,1,1,0,0,0,1,0,0,0,5
Edu SA Hand,0,1,0,0,0,0,1,1,1,0,0,0,1,0,0,0,5
Edu TAS Beginner,0,1,0,0,0,0,1,1,1,0,0,0,1,0,0,0,5
Edu VIC WA NT Beginner,0,1,0,0,0,0,1,1,1,0,0,0,1,0,0,0,5
Edu VIC WA NT Hand,0,1,0,0,0,0,1,1,1,0,0,0,1,0,0,0,5
Edu VIC WA NT Hand Pre,0,1,0,0,0,0,1,1,1,0,0,0,1,0,0,0,5
El Messiri,0,1,0,0,0,0,1,1,1,0,0,0,0,0,1,0,5
Electrolize,0,1,0,0,0,0,0,0,0,0,0,0,0,0,1,0,3
Elsie,0,1,0,0,0,0,0,0,0,0,1,1,0,0,0,0,2
Elsie Swash Caps,0,1,0,0,0,0,0,0,0,0,1,1,0,0,0,0,2
Emblema One,0,1,0,0,0,0,0,0,0,0,0,1,0,0,0,0,2
Emilys Candy,0,1,0,0,0,0,0,0,0,0,0,1,0,0,0,0,2
Encode Sans,0,1,1,1,1,0,1,1,1,1,1,0,0,0,1,0,1
Encode Sans Condensed,0,1,1,1,1,0,1,1,1,1,1,0,0,0,1,0,1
Encode Sans Expanded,0,1,1,1,1,0,1,1,1,1,1,0,0,0,1,0,1
Encode Sans SC,0,1,1,1,1,0,1,1,1,1,1,0,0,0,1,0,1
Encode Sans Semi Condensed,0,1,1,1,1,0,1,1,1,1,1,0,0,0,1,0,1
Encode Sans Semi Expanded,0,1,1,1,1,0,1,1,1,1,1,0,0,0,1,0,1
Engagement,0,1,0,0,0,0,0,0,0,0,0,0,1,0,0,0,0
Englebert,0,1,0,0,0,0,0,0,0,0,0,0,0,0,1,0,3
Enriqueta,0,1,0,0,0,0,1,1,1,0,0,0,0,0,0,1,6
Ephesis,0,1,0,0,0,0,0,0,0,0,0,0,1,0,0,0,0
Epilogue,1,1,1,1,1,0,1,1,1,1,1,0,0,0,1,0,1
Epunda Sans,1,1,0,0,1,0,1,1,1,1,1,0,0,0,1,0,1
Epunda Slab,1,1,0,0,1,0,1,1,1,1,1,0,0,0,0,1,8
Erica One,0,1,0,0,0,0,0,0,0,0,0,1,0,0,0,0,2
Esteban,0,1,0,0,0,0,0,0,0,0,0,0,0,0,0,1,4
Estonia,0,1,0,0,0,0,0,0,0,0,0,0,1,0,0,0,0
Euphoria Script,0,1,0,0,0,0,0,0,0,0,0,0,1,0,0,0,0
Ewert,0,1,0,0,0,0,0,0,0,0,0,1,0,0,0,0,2
Exile,0,1,0,0,0,0,0,0,0,0,0,1,0,0,0,0,2
Exo,1,1,1,1,1,0,1,1,1,1,1,0,0,0,1,0,1
Exo 2,1,1,1,1,1,0,1,1,1,1,1,0,0,0,1,0,1
Expletus Sans,1,1,0,0,0,0,1,1,1,0,0,1,0,0,0,0,6
Explora,0,1,0,0,0,0,0,0,0,0,0,0,1,0,0,0,0
Faculty Glyphic,0,1,0,0,0,0,0,0,0,0,0,0,0,0,1,0,3
Fahkwang,1,1,0,1,1,0,1,1,1,0,0,0,0,0,1,0,5
Familjen Grotesk,1,1,0,0,0,0,1,1,1,0,0,0,0,0,1,0,5
Fanwood Text,1,1,0,0,0,0,0,0,0,0,0,0,0,0,0,1,4
Farro,0,1,0,0,1,0,1,0,1,0,0,0,0,0,1,0,5
Farsan,0,1,0,0,0,0,0,0,0,0,0,1,0,0,0,0,2
Fascinate,0,1,0,0,0,0,0,0,0,0,0,1,0,0,0,0,2
Fascinate Inline,0,1,0,0,0,0,0,0,0,0,0,1,0,0,0,0,2
Faster One,0,1,0,0,0,0,0,0,0,0,0,1,0,0,0,0,2
Fasthand,0,1,0,0,0,0,0,0,0,0,0,1,0,0,0,0,2
Fauna One,0,1,0,0,0,0,0,0,0,0,0,0,0,0,0,1,4
Faustina,1,1,0,0,1,0,1,1,1,1,0,0,0,0,0,1,6
Federant,0,1,0,0,0,0,0,0,0,0,0,1,0,0,0,0,2
Federo,0,1,0,0,0,0,0,0,0,0,0,0,0,0,1,0,3
Felipa,0,1,0,0,0,0,0,0,0,0,0,0,1,0,0,0,0
Fenix,0,1,0,0,0,0,0,0,0,0,0,0,0,0,0,1,4
Festive,0,1,0,0,0,0,0,0,0,0,0,0,1,0,0,0,0
Figtree,1,1,0,0,1,0,1,1,1,1,1,0,0,0,1,0,1
Finger Paint,0,1,0,0,0,0,0,0,0,0,0,1,0,0,0,0,2
Finlandica,1,1,0,0,0,0,1,1,1,0,0,0,0,0,1,0,5
Fira Code,0,1,0,0,1,0,1,1,1,0,0,0,0,1,0,0,5
Fira Mono,0,1,0,0,0,0,1,0,1,0,0,0,0,1,0,0,9
Fira Sans,1,1,1,1,1,0,1,1,1,1,1,0,0,0,1,0,1
Fira Sans Condensed,1,1,1,1,1,0,1,1,1,1,1,0,0,0,1,0,1
Fira Sans Extra Condensed,1,1,1,1,1,0,1,1,1,1,1,0,0,0,1,0,1
Fjalla One,0,1,0,0,0,0,0,0,0,0,0,0,0,0,1,0,3
Fjord One,0,1,0,0,0,0,0,0,0,0,0,0,0,0,0,1,4
Flamenco,0,1,0,0,1,0,0,0,0,0,0,1,0,0,0,0,2
Flavors,0,1,0,0,0,0,0,0,0,0,0,1,0,0,0,0,2
Fleur De Leah,0,1,0,0,0,0,0,0,0,0,0,0,1,0,0,0,0
Flow Block,0,1,0,0,0,0,0,0,0,0,0,1,0,0,0,0,2
Flow Circular,0,1,0,0,0,0,0,0,0,0,0,1,0,0,0,0,2
Flow Rounded,0,1,0,0,0,0,0,0,0,0,0,1,0,0,0,0,2
Foldit,0,1,1,1,1,0,1,1,1,1,1,1,0,0,0,0,8
Fondamento,1,1,0,0,0,0,0,0,0,0,0,0,1,0,0,0,0
Fontdiner Swanky,0,1,0,0,0,0,0,0,0,0,0,1,0,0,0,0,2
Forum,0,1,0,0,0,0,0,0,0,0,0,1,0,0,0,0,2
Fragment Mono,1,1,0,0,0,0,0,0,0,0,0,0,0,1,0,0,9
Francois One,0,1,0,0,0,0,0,0,0,0,0,0,0,0,1,0,3
Frank Ruhl Libre,0,1,0,0,1,0,1,1,1,1,1,0,0,0,0,1,8
Fraunces,1,1,1,1,1,0,1,1,1,1,1,0,0,0,0,1,8
Freckle Face,0,1,0,0,0,0,0,0,0,0,0,1,0,0,0,0,2
Fredericka the Great,0,1,0,0,0,0,0,0,0,0,0,1,0,0,0,0,2
Fredoka,0,1,0,0,1,0,1,1,1,0,0,0,0,0,1,0,5
Freehand,0,1,0,0,0,0,0,0,0,0,0,1,0,0,0,0,2
Freeman,0,1,0,0,0,0,0,0,0,0,0,1,0,0,0,0,2
Fresca,0,1,0,0,0,0,0,0,0,0,0,0,0,0,1,0,3
Frijole,0,1,0,0,0,0,0,0,0,0,0,1,0,0,0,0,2
Fruktur,1,1,0,0,0,0,0,0,0,0,0,1,0,0,0,0,2
Fugaz One,0,1,0,0,0,0,0,0,0,0,0,1,0,0,0,0,2
Fuggles,0,1,0,0,0,0,0,0,0,0,0,0,1,0,0,0,0
Funnel Display,0,1,0,0,1,0,1,1,1,1,0,1,0,0,0,0,6
Funnel Sans,1,1,0,0,1,0,1,1,1,1,0,0,0,0,1,0,5
Fustat,0,1,0,1,1,0,1,1,1,1,0,0,0,0,1,0,1
Fuzzy Bubbles,0,1,0,0,0,0,0,0,1,0,0,0,1,0,0,0,0
GFS Didot,0,1,0,0,0,0,0,0,0,0,0,0,0,0,0,1,4
GFS Neohellenic,1,1,0,0,0,0,0,0,1,0,0,0,0,0,1,0,9
Ga Maamli,0,1,0,0,0,0,0,0,0,0,0,1,0,0,0,0,2
Gabarito,0,1,0,0,0,0,1,1,1,1,1,1,0,0,0,0,6
Gabriela,0,1,0,0,0,0,0,0,0,0,0,0,0,0,0,1,4
Gaegu,0,1,0,0,1,0,0,0,1,0,0,0,1,0,0,0,0
Gafata,0,1,0,0,0,0,0,0,0,0,0,0,0,0,1,0,3
Gajraj One,0,1,0,0,0,0,0,0,0,0,0,1,0,0,0,0,2
Galada,0,1,0,0,0,0,0,0,0,0,0,1,0,0,0,0,2
Galdeano,0,1,0,0,0,0,0,0,0,0,0,0,0,0,1,0,3
Galindo,0,1,0,0,0,0,0,0,0,0,0,1,0,0,0,0,2
Gamja Flower,0,1,0,0,0,0,0,0,0,0,0,0,1,0,0,0,0
Gantari,1,1,1,1,1,0,1,1,1,1,1,0,0,0,1,0,1
Gasoek One,0,1,0,0,0,0,0,0,0,0,0,0,0,0,1,0,3
Gayathri,0,1,1,0,0,0,0,0,1,0,0,0,0,0,1,0,9
Geist,0,1,1,1,1,0,1,1,1,1,1,0,0,0,1,0,1
Geist Mono,0,1,1,1,1,0,1,1,1,1,1,0,0,1,0,0,8
Gelasio,1,1,0,0,0,0,1,1,1,0,0,0,0,0,0,1,6
Gemunu Libre,0,1,0,1,1,0,1,1,1,1,0,0,0,0,1,0,1
Genos,1,1,1,1,1,0,1,1,1,1,1,0,0,0,1,0,1
Gentium Book Plus,1,1,0,0,0,0,0,0,1,0,0,0,0,0,0,1,4
Gentium Plus,1,1,0,0,0,0,0,0,1,0,0,0,0,0,0,1,4
Geo,1,1,0,0,0,0,0,0,0,0,0,0,0,0,1,0,3
Geologica,0,1,1,1,1,0,1,1,1,1,1,0,0,0,1,0,1
Georama,1,1,1,1,1,0,1,1,1,1,1,0,0,0,1,0,1
Geostar,0,1,0,0,0,0,0,0,0,0,0,1,0,0,0,0,2
Geostar Fill,0,1,0,0,0,0,0,0,0,0,0,1,0,0,0,0,2
Germania One,0,1,0,0,0,0,0,0,0,0,0,1,0,0,0,0,2
Gideon Roman,0,1,0,0,0,0,0,0,0,0,0,1,0,0,0,0,2
Gidole,0,1,0,0,0,0,0,0,0,0,0,0,0,0,1,0,3
Gidugu,0,1,0,0,0,0,0,0,0,0,0,0,0,0,1,0,3
Gilda Display,0,1,0,0,0,0,0,0,0,0,0,0,0,0,0,1,4
Girassol,0,1,0,0,0,0,0,0,0,0,0,1,0,0,0,0,2
Give You Glory,0,1,0,0,0,0,0,0,0,0,0,0,1,0,0,0,0
Glass Antiqua,0,1,0,0,0,0,0,0,0,0,0,1,0,0,0,0,2
Glegoo,0,1,0,0,0,0,0,0,1,0,0,0,0,0,0,1,4
Gloock,0,1,0,0,0,0,0,0,0,0,0,0,0,0,0,1,4
Gloria Hallelujah,0,1,0,0,0,0,0,0,0,0,0,0,1,0,0,0,0
Glory,1,1,1,1,1,0,1,1,1,1,0,0,0,0,1,0,1
Gluten,0,1,1,1,1,0,1,1,1,1,1,1,0,0,0,0,8
Goblin One,0,1,0,0,0,0,0,0,0,0,0,1,0,0,0,0,2
Gochi Hand,0,1,0,0,0,0,0,0,0,0,0,0,1,0,0,0,0
Goldman,0,1,0,0,0,0,0,0,1,0,0,1,0,0,0,0,2
Golos Text,0,1,0,0,0,0,1,1,1,1,1,0,0,0,1,0,5
Google Sans Code,1,1,0,0,1,0,1,1,1,1,0,0,0,1,0,0,6
Gorditas,0,1,0,0,0,0,0,0,1,0,0,1,0,0,0,0,2
Gothic A1,0,1,1,1,1,0,1,1,1,1,1,0,0,0,1,0,1
Gotu,0,1,0,0,0,0,0,0,0,0,0,0,0,0,1,0,3
Goudy Bookletter 1911,0,1,0,0,0,0,0,0,0,0,0,0,0,0,0,1,4
Gowun Batang,0,1,0,0,0,0,0,0,1,0,0,0,0,0,0,1,4
Gowun Dodum,0,1,0,0,0,0,0,0,0,0,0,0,0,0,1,0,3
Graduate,0,1,0,0,0,0,0,0,0,0,0,0,0,0,0,1,4
Grand Hotel,0,1,0,0,0,0,0,0,0,0,0,0,1,0,0,0,0
Grandiflora One,0,1,0,0,0,0,0,0,0,0,0,0,0,0,0,1,4
Grandstander,1,1,1,1,1,0,1,1,1,1,1,1,0,0,0,0,8
Grape Nuts,0,1,0,0,0,0,0,0,0,0,0,0,1,0,0,0,0
Gravitas One,0,1,0,0,0,0,0,0,0,0,0,1,0,0,0,0,2
Great Vibes,0,1,0,0,0,0,0,0,0,0,0,0,1,0,0,0,0
Grechen Fuemen,0,1,0,0,0,0,0,0,0,0,0,0,1,0,0,0,0
Grenze,1,1,1,1,1,0,1,1,1,1,1,0,0,0,0,1,8
Grenze Gotisch,0,1,1,1,1,0,1,1,1,1,1,1,0,0,0,0,8
Grey Qo,0,1,0,0,0,0,0,0,0,0,0,0,1,0,0,0,0
Griffy,0,1,0,0,0,0,0,0,0,0,0,1,0,0,0,0,2
Gruppo,0,1,0,0,0,0,0,0,0,0,0,0,0,0,1,0,3
Gudea,1,1,0,0,0,0,0,0,1,0,0,0,0,0,1,0,9
Gugi,0,1,0,0,0,0,0,0,0,0,0,1,0,0,0,0,2
Gulzar,0,1,0,0,0,0,0,0,0,0,0,0,0,0,0,1,4
Gupter,0,1,0,0,0,0,1,0,1,0,0,0,0,0,0,1,6
Gurajada,0,1,0,0,0,0,0,0,0,0,0,0,0,0,1,0,3
Gwendolyn,0,1,0,0,0,0,0,0,1,0,0,0,1,0,0,0,0
Habibi,0,1,0,0,0,0,0,0,0,0,0,0,0,0,0,1,4
Hachi Maru Pop,0,1,0,0,0,0,0,0,0,0,0,0,1,0,0,0,0
Hahmlet,0,1,1,1,1,0,1,1,1,1,1,0,0,0,0,1,8
Halant,0,1,0,0,1,0,1,1,1,0,0,0,0,0,0,1,6
Hammersmith One,0,1,0,0,0,0,0,0,0,0,0,0,0,0,1,0,3
Hanalei,0,1,0,0,0,0,0,0,0,0,0,1,0,0,0,0,2
Hanalei Fill,0,1,0,0,0,0,0,0,0,0,0,1,0,0,0,0,2
Handjet,0,1,1,1,1,0,1,1,1,1,1,1,0,0,0,0,8
Handlee,0,1,0,0,0,0,0,0,0,0,0,0,1,0,0,0,0
Hanken Grotesk,1,1,1,1,1,0,1,1,1,1,1,0,0,0,1,0,1
Hanuman,0,1,1,1,1,0,1,1,1,1,1,0,0,0,0,1,8
Happy Monkey,0,1,0,0,0,0,0,0,0,0,0,1,0,0,0,0,2
Harmattan,0,1,0,0,0,0,1,1,1,0,0,0,0,0,1,0,5
Headland One,0,1,0,0,0,0,0,0,0,0,0,0,0,0,0,1,4
Hedvig Letters Sans,0,1,0,0,0,0,0,0,0,0,0,0,0,0,1,0,3
Hedvig Letters Serif,0,1,0,0,0,0,0,0,0,0,0,0,0,0,0,1,4
Heebo,0,1,1,1,1,0,1,1,1,1,1,0,0,0,1,0,1
Henny Penny,0,1,0,0,0,0,0,0,0,0,0,1,0,0,0,0,2
Hepta Slab,0,1,1,1,1,0,1,1,1,1,1,0,0,0,0,1,8
Herr Von Muellerhoff,0,1,0,0,0,0,0,0,0,0,0,0,1,0,0,0,0
Hi Melody,0,1,0,0,0,0,0,0,0,0,0,0,1,0,0,0,0
Hina Mincho,0,1,0,0,0,0,0,0,0,0,0,0,0,0,0,1,4
Hind,0,1,0,0,1,0,1,1,1,0,0,0,0,0,1,0,5
Hind Guntur,0,1,0,0,1,0,1,1,1,0,0,0,0,0,1,0,5
Hind Madurai,0,1,0,0,1,0,1,1,1,0,0,0,0,0,1,0,5
Hind Mysuru,0,1,0,0,1,0,1,1,1,0,0,0,0,0,1,0,5
Hind Siliguri,0,1,0,0,1,0,1,1,1,0,0,0,0,0,1,0,5
Hind Vadodara,0,1,0,0,1,0,1,1,1,0,0,0,0,0,1,0,5
Holtwood One SC,0,1,0,0,0,0,0,0,0,0,0,0,0,0,0,1,4
Homemade Apple,0,1,0,0,0,0,0,0,0,0,0,0,1,0,0,0,0
Homenaje,0,1,0,0,0,0,0,0,0,0,0,0,0,0,1,0,3
Honk,0,1,0,0,0,0,0,0,0,0,0,1,0,0,0,0,2
Host Grotesk,1,1,0,0,1,0,1,1,1,1,0,0,0,0,1,0,5
Hubballi,0,1,0,0,0,0,0,0,0,0,0,0,0,0,1,0,3
Hubot Sans,1,1,0,1,1,0,1,1,1,1,1,0,0,0,1,0,1
Huninn,0,1,0,0,0,0,0,0,0,0,0,0,0,0,1,0,3
Hurricane,0,1,0,0,0,0,0,0,0,0,0,0,1,0,0,0,0
IBM Plex Mono,1,1,1,1,1,0,1,1,1,0,0,0,0,1,0,0,8
IBM Plex Sans,1,1,1,1,1,0,1,1,1,0,0,0,0,0,1,0,1
IBM Plex Sans Arabic,0,1,1,1,1,0,1,1,1,0,0,0,0,0,1,0,1
IBM Plex Sans Condensed,1,1,1,1,1,0,1,1,1,0,0,0,0,0,1,0,1
IBM Plex Sans Devanagari,0,1,1,1,1,0,1,1,1,0,0,0,0,0,1,0,1
IBM Plex Sans Hebrew,0,1,1,1,1,0,1,1,1,0,0,0,0,0,1,0,1
IBM Plex Sans JP,0,1,1,1,1,0,1,1,1,0,0,0,0,0,1,0,1
IBM Plex Sans KR,0,1,1,1,1,0,1,1,1,0,0,0,0,0,1,0,1
IBM Plex Sans Thai,0,1,1,1,1,0,1,1,1,0,0,0,0,0,1,0,1
IBM Plex Sans Thai Looped,0,1,1,1,1,0,1,1,1,0,0,0,0,0,1,0,1
IBM Plex Serif,1,1,1,1,1,0,1,1,1,0,0,0,0,0,0,1,8
IM Fell DW Pica,1,1,0,0,0,0,0,0,0,0,0,0,0,0,0,1,4
IM Fell DW Pica SC,0,1,0,0,0,0,0,0,0,0,0,0,0,0,0,1,4
IM Fell Double Pica,1,1,0,0,0,0,0,0,0,0,0,0,0,0,0,1,4
IM Fell Double Pica SC,0,1,0,0,0,0,0,0,0,0,0,0,0,0,0,1,4
IM Fell English,1,1,0,0,0,0,0,0,0,0,0,0,0,0,0,1,4
IM Fell English SC,0,1,0,0,0,0,0,0,0,0,0,0,0,0,0,1,4
IM Fell French Canon,1,1,0,0,0,0,0,0,0,0,0,0,0,0,0,1,4
IM Fell French Canon SC,0,1,0,0,0,0,0,0,0,0,0,0,0,0,0,1,4
IM Fell Great Primer,1,1,0,0,0,0,0,0,0,0,0,0,0,0,0,1,4
IM Fell Great Primer SC,0,1,0,0,0,0,0,0,0,0,0,0,0,0,0,1,4
Iansui,0,1,0,0,0,0,0,0,0,0,0,0,1,0,0,0,0
Ibarra Real Nova,1,1,0,0,0,0,1,1,1,0,0,0,0,0,0,1,6
Iceberg,0,1,0,0,0,0,0,0,0,0,0,1,0,0,0,0,2
Iceland,0,1,0,0,0,0,0,0,0,0,0,1,0,0,0,0,2
Imbue,0,1,1,1,1,0,1,1,1,1,1,0,0,0,0,1,8
Imperial Script,0,1,0,0,0,0,0,0,0,0,0,0,1,0,0,0,0
Imprima,0,1,0,0,0,0,0,0,0,0,0,0,0,0,1,0,3
Inclusive Sans,1,1,0,0,1,0,1,1,1,0,0,0,0,0,1,0,5
Inconsolata,0,1,0,1,1,0,1,1,1,1,1,0,0,1,0,0,8
Inder,0,1,0,0,0,0,0,0,0,0,0,0,0,0,1,0,3
Indie Flower,0,1,0,0,0,0,0,0,0,0,0,0,1,0,0,0,0
Ingrid Darling,0,1,0,0,0,0,0,0,0,0,0,0,1,0,0,0,0
Inika,0,1,0,0,0,0,0,0,1,0,0,0,0,0,0,1,4
Inknut Antiqua,0,1,0,0,1,0,1,1,1,1,1,0,0,0,0,1,8
Inria Sans,1,1,0,0,1,0,0,0,1,0,0,0,0,0,1,0,9
Inria Serif,1,1,0,0,1,0,0,0,1,0,0,0,0,0,0,1,4
Inspiration,0,1,0,0,0,0,0,0,0,0,0,0,1,0,0,0,0
Instrument Sans,1,1,0,0,0,0,1,1,1,0,0,0,0,0,1,0,5
Instrument Serif,1,1,0,0,0,0,0,0,0,0,0,0,0,0,0,1,4
Intel One Mono,1,1,0,0,1,0,1,1,1,0,0,0,0,1,0,0,5
Inter,1,1,1,1,1,0,1,1,1,1,1,0,0,0,1,0,1
Inter Tight,1,1,1,1,1,0,1,1,1,1,1,0,0,0,1,0,1
Irish Grover,0,1,0,0,0,0,0,0,0,0,0,1,0,0,0,0,2
Island Moments,0,1,0,0,0,0,0,0,0,0,0,0,1,0,0,0,0
Istok Web,1,1,0,0,0,0,0,0,1,0,0,0,0,0,1,0,9
Italiana,0,1,0,0,0,0,0,0,0,0,0,0,0,0,1,0,3
Italianno,0,1,0,0,0,0,0,0,0,0,0,0,1,0,0,0,0
Itim,0,1,0,0,0,0,0,0,0,0,0,0,1,0,0,0,0
Jacquard 12,0,1,0,0,0,0,0,0,0,0,0,1,0,0,0,0,2
Jacquard 12 Charted,0,1,0,0,0,0,0,0,0,0,0,1,0,0,0,0,2
Jacquard 24,0,1,0,0,0,0,0,0,0,0,0,1,0,0,0,0,2
Jacquard 24 Charted,0,1,0,0,0,0,0,0,0,0,0,1,0,0,0,0,2
Jacquarda Bastarda 9,0,1,0,0,0,0,0,0,0,0,0,1,0,0,0,0,2
Jacquarda Bastarda 9 Charted,0,1,0,0,0,0,0,0,0,0,0,1,0,0,0,0,2
Jacques Francois,0,1,0,0,0,0,0,0,0,0,0,0,0,0,0,1,4
Jacques Francois Shadow,0,1,0,0,0,0,0,0,0,0,0,1,0,0,0,0,2
Jaini,0,1,0,0,0,0,0,0,0,0,0,1,0,0,0,0,2
Jaini Purva,0,1,0,0,0,0,0,0,0,0,0,1,0,0,0,0,2
Jaldi,0,1,0,0,0,0,0,0,1,0,0,0,0,0,1,0,9
Jaro,0,1,0,0,0,0,0,0,0,0,0,0,0,0,1,0,3
Jersey 10,0,1,0,0,0,0,0,0,0,0,0,1,0,0,0,0,2
Jersey 10 Charted,0,1,0,0,0,0,0,0,0,0,0,1,0,0,0,0,2
Jersey 15,0,1,0,0,0,0,0,0,0,0,0,1,0,0,0,0,2
Jersey 15 Charted,0,1,0,0,0,0,0,0,0,0,0,1,0,0,0,0,2
Jersey 20,0,1,0,0,0,0,0,0,0,0,0,1,0,0,0,0,2
Jersey 20 Charted,0,1,0,0,0,0,0,0,0,0,0,1,0,0,0,0,2
Jersey 25,0,1,0,0,0,0,0,0,0,0,0,1,0,0,0,0,2
Jersey 25 Charted,0,1,0,0,0,0,0,0,0,0,0,1,0,0,0,0,2
JetBrains Mono,1,1,1,1,1,0,1,1,1,1,0,0,0,1,0,0,8
Jim Nightshade,0,1,0,0,0,0,0,0,0,0,0,0,1,0,0,0,0
Joan,0,1,0,0,0,0,0,0,0,0,0,0,0,0,0,1,4
Jockey One,0,1,0,0,0,0,0,0,0,0,0,0,0,0,1,0,3
Jolly Lodger,0,1,0,0,0,0,0,0,0,0,0,1,0,0,0,0,2
Jomhuria,0,1,0,0,0,0,0,0,0,0,0,1,0,0,0,0,2
Jomolhari,0,1,0,0,0,0,0,0,0,0,0,0,0,0,0,1,4
Josefin Sans,1,1,1,1,1,0,1,1,1,0,0,0,0,0,1,0,1
Josefin Slab,1,1,1,1,1,0,1,1,1,0,0,0,0,0,0,1,8
Jost,1,1,1,1,1,0,1,1,1,1,1,0,0,0,1,0,1
Joti One,0,1,0,0,0,0,0,0,0,0,0,1,0,0,0,0,2
Jua,0,1,0,0,0,0,0,0,0,0,0,0,0,0,1,0,3
Judson,1,1,0,0,0,0,0,0,1,0,0,0,0,0,0,1,4
Julee,0,1,0,0,0,0,0,0,0,0,0,0,1,0,0,0,0
Julius Sans One,0,1,0,0,0,0,0,0,0,0,0,0,0,0,1,0,3
Junge,0,1,0,0,0,0,0,0,0,0,0,0,0,0,0,1,4
Jura,0,1,0,0,1,0,1,1,1,0,0,0,0,0,1,0,5
Just Another Hand,0,1,0,0,0,0,0,0,0,0,0,0,1,0,0,0,0
Just Me Again Down Here,0,1,0,0,0,0,0,0,0,0,0,0,1,0,0,0,0
K2D,1,1,1,1,1,0,1,1,1,1,0,0,0,0,1,0,1
Kablammo,0,1,0,0,0,0,0,0,0,0,0,1,0,0,0,0,2
Kadwa,0,1,0,0,0,0,0,0,1,0,0,0,0,0,0,1,4
Kaisei Decol,0,1,0,0,0,0,1,0,1,0,0,0,0,0,0,1,6
Kaisei HarunoUmi,0,1,0,0,0,0,1,0,1,0,0,0,0,0,0,1,6
Kaisei Opti,0,1,0,0,0,0,1,0,1,0,0,0,0,0,0,1,6
Kaisei Tokumin,0,1,0,0,0,0,1,0,1,1,0,0,0,0,0,1,6
Kalam,0,1,0,0,1,0,0,0,1,0,0,0,1,0,0,0,0
Kalnia,0,1,1,1,1,0,1,1,1,0,0,0,0,0,0,1,8
Kalnia Glaze,0,1,1,1,1,0,1,1,1,0,0,1,0,0,0,0,8
Kameron,0,1,0,0,0,0,1,1,1,0,0,0,0,0,0,1,6
Kanchenjunga,0,1,0,0,0,0,1,1,1,0,0,0,0,0,1,0,5
Kanit,1,1,1,1,1,0,1,1,1,1,1,0,0,0,1,0,1
Kantumruy Pro,1,1,1,1,1,0,1,1,1,0,0,0,0,0,1,0,1
Kapakana,0,1,0,0,1,0,0,0,0,0,0,0,1,0,0,0,0
Karantina,0,1,0,0,1,0,0,0,1,0,0,1,0,0,0,0,2
Karla,1,1,0,1,1,0,1,1,1,1,0,0,0,0,1,0,1
Karla Tamil Inclined,0,1,0,0,0,0,0,0,1,0,0,0,0,0,1,0,9
Karla Tamil Upright,0,1,0,0,0,0,0,0,1,0,0,0,0,0,1,0,9
Karma,0,1,0,0,1,0,1,1,1,0,0,0,0,0,0,1,6
Katibeh,0,1,0,0,0,0,0,0,0,0,0,1,0,0,0,0,2
Kaushan Script,0,1,0,0,0,0,0,0,0,0,0,0,1,0,0,0,0
Kavivanar,0,1,0,0,0,0,0,0,0,0,0,0,1,0,0,0,0
Kavoon,0,1,0,0,0,0,0,0,0,0,0,1,0,0,0,0,2
Kay Pho Du,0,1,0,0,0,0,1,1,1,0,0,0,0,0,0,1,6
Kdam Thmor Pro,0,1,0,0,0,0,0,0,0,0,0,0,0,0,1,0,3
Keania One,0,1,0,0,0,0,0,0,0,0,0,1,0,0,0,0,2
Kelly Slab,0,1,0,0,0,0,0,0,0,0,0,1,0,0,0,0,2
Kenia,0,1,0,0,0,0,0,0,0,0,0,1,0,0,0,0,2
Khand,0,1,0,0,1,0,1,1,1,0,0,0,0,0,1,0,5
Khmer,0,1,0,0,0,0,0,0,0,0,0,0,0,0,1,0,3
Khula,0,1,0,0,1,0,0,1,1,1,0,0,0,0,1,0,5
Kings,0,1,0,0,0,0,0,0,0,0,0,0,1,0,0,0,0
Kirang Haerang,0,1,0,0,0,0,0,0,0,0,0,1,0,0,0,0,2
Kite One,0,1,0,0,0,0,0,0,0,0,0,0,0,0,1,0,3
Kiwi Maru,0,1,0,0,1,0,1,0,0,0,0,0,0,0,0,1,4
Klee One,0,1,0,0,0,0,0,1,0,0,0,0,1,0,0,0,0
Knewave,0,1,0,0,0,0,0,0,0,0,0,1,0,0,0,0,2
KoHo,1,1,0,1,1,0,1,1,1,0,0,0,0,0,1,0,5
Kodchasan,1,1,0,1,1,0,1,1,1,0,0,0,0,0,1,0,5
Kode Mono,0,1,0,0,0,0,1,1,1,0,0,0,0,1,0,0,6
Koh Santepheap,0,1,1,0,1,0,0,0,1,0,1,0,0,0,0,1,4
Kolker Brush,0,1,0,0,0,0,0,0,0,0,0,0,1,0,0,0,0
Konkhmer Sleokchher,0,1,0,0,0,0,0,0,0,0,0,1,0,0,0,0,2
Kosugi,0,1,0,0,0,0,0,0,0,0,0,0,0,0,1,0,3
Kosugi Maru,0,1,0,0,0,0,0,0,0,0,0,0,0,0,1,0,3
Kotta One,0,1,0,0,0,0,0,0,0,0,0,0,0,0,0,1,4
Koulen,0,1,0,0,0,0,0,0,0,0,0,1,0,0,0,0,2
Kranky,0,1,0,0,0,0,0,0,0,0,0,1,0,0,0,0,2
Kreon,0,1,0,0,1,0,1,1,1,0,0,0,0,0,0,1,6
Kristi,0,1,0,0,0,0,0,0,0,0,0,0,1,0,0,0,0
Krona One,0,1,0,0,0,0,0,0,0,0,0,0,0,0,1,0,3
Krub,1,1,0,1,1,0,1,1,1,0,0,0,0,0,1,0,5
Kufam,1,1,0,0,0,0,1,1,1,1,1,0,0,0,1,0,5
Kulim Park,1,1,0,1,1,0,0,1,1,0,0,0,0,0,1,0,5
Kumar One,0,1,0,0,0,0,0,0,0,0,0,1,0,0,0,0,2
Kumar One Outline,0,1,0,0,0,0,0,0,0,0,0,1,0,0,0,0,2
Kumbh Sans,0,1,1,1,1,0,1,1,1,1,1,0,0,0,1,0,1
Kurale,0,1,0,0,0,0,0,0,0,0,0,0,0,0,0,1,4
LXGW Marker Gothic,0,1,0,0,0,0,0,0,0,0,0,0,0,0,1,0,3
LXGW WenKai Mono TC,0,1,0,0,1,0,0,0,1,0,0,0,0,1,0,0,9
LXGW WenKai TC,0,1,0,0,1,0,0,0,1,0,0,0,1,0,0,0,0
La Belle Aurore,0,1,0,0,0,0,0,0,0,0,0,0,1,0,0,0,0
Labrada,1,1,1,1,1,0,1,1,1,1,1,0,0,0,0,1,8
Lacquer,0,1,0,0,0,0,0,0,0,0,0,1,0,0,0,0,2
Laila,0,1,0,0,1,0,1,1,1,0,0,0,0,0,0,1,6
Lakki Reddy,0,1,0,0,0,0,0,0,0,0,0,0,1,0,0,0,0
Lalezar,0,1,0,0,0,0,0,0,0,0,0,0,0,0,1,0,3
Lancelot,0,1,0,0,0,0,0,0,0,0,0,1,0,0,0,0,2
Langar,0,1,0,0,0,0,0,0,0,0,0,1,0,0,0,0,2
Lateef,0,1,0,1,1,0,1,1,1,1,0,0,0,0,0,1,8
Lato,1,1,1,0,1,0,0,0,1,0,1,0,0,0,1,0,9
Lavishly Yours,0,1,0,0,0,0,0,0,0,0,0,0,1,0,0,0,0
League Gothic,0,1,0,0,0,0,0,0,0,0,0,0,0,0,1,0,3
League Script,0,1,0,0,0,0,0,0,0,0,0,0,1,0,0,0,0
League Spartan,0,1,1,1,1,0,1,1,1,1,1,0,0,0,1,0,1
Leckerli One,0,1,0,0,0,0,0,0,0,0,0,0,1,0,0,0,0
Ledger,0,1,0,0,0,0,0,0,0,0,0,0,0,0,0,1,4
Lekton,1,1,0,0,0,0,0,0,1,0,0,0,0,1,0,0,9
Lemon,0,1,0,0,0,0,0,0,0,0,0,1,0,0,0,0,2
Lemonada,0,1,0,0,1,0,1,1,1,0,0,1,0,0,0,0,5
Lexend,0,1,1,1,1,0,1,1,1,1,1,0,0,0,1,0,1
Lexend Deca,0,1,1,1,1,0,1,1,1,1,1,0,0,0,1,0,1
Lexend Exa,0,1,1,1,1,0,1,1,1,1,1,0,0,0,1,0,1
Lexend Giga,0,1,1,1,1,0,1,1,1,1,1,0,0,0,1,0,1
Lexend Mega,0,1,1,1,1,0,1,1,1,1,1,0,0,0,1,0,1
Lexend Peta,0,1,1,1,1,0,1,1,1,1,1,0,0,0,1,0,1
Lexend Tera,0,1,1,1,1,0,1,1,1,1,1,0,0,0,1,0,1
Lexend Zetta,0,1,1,1,1,0,1,1,1,1,1,0,0,0,1,0,1
Libertinus Keyboard,0,1,0,0,0,0,0,0,0,0,0,1,0,0,0,0,2
Libertinus Math,0,1,0,0,0,0,0,0,0,0,0,1,0,0,0,0,2
Libertinus Mono,0,1,0,0,0,0,0,0,0,0,0,0,0,1,0,0,0
Libertinus Sans,1,1,0,0,0,0,0,0,1,0,0,0,0,0,1,0,9
Libertinus Serif,1,1,0,0,0,0,0,1,1,0,0,0,0,0,0,1,6
Libertinus Serif Display,0,1,0,0,0,0,0,0,0,0,0,1,0,0,0,0,2
Libre Barcode 128,0,1,0,0,0,0,0,0,0,0,0,1,0,0,0,0,2
Libre Barcode 128 Text,0,1,0,0,0,0,0,0,0,0,0,1,0,0,0,0,2
Libre Barcode 39,0,1,0,0,0,0,0,0,0,0,0,1,0,0,0,0,2
Libre Barcode 39 Extended,0,1,0,0,0,0,0,0,0,0,0,1,0,0,0,0,2
Libre Barcode 39 Extended Text,0,1,0,0,0,0,0,0,0,0,0,1,0,0,0,0,2
Libre Barcode 39 Text,0,1,0,0,0,0,0,0,0,0,0,1,0,0,0,0,2
Libre Barcode EAN13 Text,0,1,0,0,0,0,0,0,0,0,0,1,0,0,0,0,2
Libre Baskerville,1,1,0,0,0,0,0,0,1,0,0,0,0,0,0,1,4
Libre Bodoni,1,1,0,0,0,0,1,1,1,0,0,0,0,0,0,1,6
Libre Caslon Display,0,1,0,0,0,0,0,0,0,0,0,0,0,0,0,1,4
Libre Caslon Text,1,1,0,0,0,0,0,0,1,0,0,0,0,0,0,1,4
Libre Franklin,1,1,1,1,1,0,1,1,1,1,1,0,0,0,1,0,1
Licorice,0,1,0,0,0,0,0,0,0,0,0,0,1,0,0,0,0
Life Savers,0,1,0,0,0,0,0,0,1,1,0,1,0,0,0,0,2
Lilita One,0,1,0,0,0,0,0,0,0,0,0,1,0,0,0,0,2
Lily Script One,0,1,0,0,0,0,0,0,0,0,0,1,0,0,0,0,2
Limelight,0,1,0,0,0,0,0,0,0,0,0,1,0,0,0,0,2
Linden Hill,1,1,0,0,0,0,0,0,0,0,0,0,0,0,0,1,4
Linefont,0,1,1,1,1,0,1,1,1,1,1,1,0,0,0,0,8
Lisu Bosa,1,1,0,1,1,0,1,1,1,1,1,0,0,0,0,1,8
Liter,0,1,0,0,0,0,0,0,0,0,0,0,0,0,1,0,3
Literata,1,1,0,1,1,0,1,1,1,1,1,0,0,0,0,1,8
Liu Jian Mao Cao,0,1,0,0,0,0,0,0,0,0,0,0,1,0,0,0,0
Livvic,1,1,1,1,1,0,1,1,1,0,1,0,0,0,1,0,1
Lobster,0,1,0,0,0,0,0,0,0,0,0,1,0,0,0,0,2
Lobster Two,1,1,0,0,0,0,0,0,1,0,0,1,0,0,0,0,9
Londrina Outline,0,1,0,0,0,0,0,0,0,0,0,1,0,0,0,0,2
Londrina Shadow,0,1,0,0,0,0,0,0,0,0,0,1,0,0,0,0,2
Londrina Sketch,0,1,0,0,0,0,0,0,0,0,0,1,0,0,0,0,2
Londrina Solid,0,1,1,0,1,0,0,0,0,0,1,1,0,0,0,0,2
Long Cang,0,1,0,0,0,0,0,0,0,0,0,0,1,0,0,0,0
Lora,1,1,0,0,0,0,1,1,1,0,0,0,0,0,0,1,6
Love Light,0,1,0,0,0,0,0,0,0,0,0,0,1,0,0,0,0
Love Ya Like A Sister,0,1,0,0,0,0,0,0,0,0,0,1,0,0,0,0,2
Loved by the King,0,1,0,0,0,0,0,0,0,0,0,0,1,0,0,0,0
Lovers Quarrel,0,1,0,0,0,0,0,0,0,0,0,0,1,0,0,0,0
Luckiest Guy,0,1,0,0,0,0,0,0,0,0,0,1,0,0,0,0,2
Lugrasimo,0,1,0,0,0,0,0,0,0,0,0,0,1,0,0,0,0
Lumanosimo,0,1,0,0,0,0,0,0,0,0,0,0,1,0,0,0,0
Lunasima,0,1,0,0,0,0,0,0,1,0,0,0,0,0,1,0,9
Lusitana,0,1,0,0,0,0,0,0,1,0,0,0,0,0,0,1,4
Lustria,0,1,0,0,0,0,0,0,0,0,0,0,0,0,0,1,4
Luxurious Roman,0,1,0,0,0,0,0,0,0,0,0,1,0,0,0,0,2
Luxurious Script,0,1,0,0,0,0,0,0,0,0,0,0,1,0,0,0,0
M PLUS 1,0,1,1,1,1,0,1,1,1,1,1,0,0,0,1,0,1
M PLUS 1 Code,0,1,1,1,1,0,1,1,1,0,0,0,0,1,0,0,8
M PLUS 1p,0,1,1,0,1,0,1,0,1,1,1,0,0,0,1,0,1
M PLUS 2,0,1,1,1,1,0,1,1,1,1,1,0,0,0,1,0,1
M PLUS Code Latin,0,1,1,1,1,0,1,1,1,0,0,0,0,0,1,0,1
M PLUS Rounded 1c,0,1,1,0,1,0,1,0,1,1,1,0,0,0,1,0,1
Ma Shan Zheng,0,1,0,0,0,0,0,0,0,0,0,0,1,0,0,0,0
Macondo,0,1,0,0,0,0,0,0,0,0,0,1,0,0,0,0,2
Macondo Swash Caps,0,1,0,0,0,0,0,0,0,0,0,1,0,0,0,0,2
Mada,0,1,0,1,1,0,1,1,1,1,1,0,0,0,1,0,1
Madimi One,0,1,0,0,0,0,0,0,0,0,0,0,0,0,1,0,3
Magra,0,1,0,0,0,0,0,0,1,0,0,0,0,0,1,0,9
Maiden Orange,0,1,0,0,0,0,0,0,0,0,0,0,0,0,0,1,4
Maitree,0,1,0,1,1,0,1,1,1,0,0,0,0,0,0,1,6
Major Mono Display,0,1,0,0,0,0,0,0,0,0,0,0,0,1,0,0,0
Mako,0,1,0,0,0,0,0,0,0,0,0,0,0,0,1,0,3
Mali,1,1,0,1,1,0,1,1,1,0,0,0,1,0,0,0,5
Mallanna,0,1,0,0,0,0,0,0,0,0,0,0,0,0,1,0,3
Maname,0,1,0,0,0,0,0,0,0,0,0,0,0,0,0,1,4
Mandali,0,1,0,0,0,0,0,0,0,0,0,0,0,0,1,0,3
Manjari,0,1,1,0,0,0,0,0,1,0,0,0,0,0,1,0,9
Manrope,0,1,0,1,1,0,1,1,1,1,0,0,0,0,1,0,1
Mansalva,0,1,0,0,0,0,0,0,0,0,0,0,1,0,0,0,0
Manuale,1,1,0,0,1,0,1,1,1,1,0,0,0,0,0,1,6
Manufacturing Consent,0,1,0,0,0,0,0,0,0,0,0,1,0,0,0,0,2
Marcellus,0,1,0,0,0,0,0,0,0,0,0,0,0,0,0,1,4
Marcellus SC,0,1,0,0,0,0,0,0,0,0,0,0,0,0,0,1,4
Marck Script,0,1,0,0,0,0,0,0,0,0,0,0,1,0,0,0,0
Margarine,0,1,0,0,0,0,0,0,0,0,0,1,0,0,0,0,2
Marhey,0,1,0,0,1,0,1,1,1,0,0,1,0,0,0,0,5
Markazi Text,0,1,0,0,0,0,1,1,1,0,0,0,0,0,0,1,6
Marko One,0,1,0,0,0,0,0,0,0,0,0,0,0,0,0,1,4
Marmelad,0,1,0,0,0,0,0,0,0,0,0,0,0,0,1,0,3
Martel,0,1,0,1,1,0,0,1,1,1,1,0,0,0,0,1,8
Martel Sans,0,1,0,1,1,0,0,1,1,1,1,0,0,0,1,0,1
Martian Mono,0,1,1,1,1,0,1,1,1,1,0,0,0,1,0,0,8
Marvel,1,1,0,0,0,0,0,0,1,0,0,0,0,0,1,0,9
Matangi,0,1,0,0,1,0,1,1,1,1,1,0,0,0,1,0,1
Mate,1,1,0,0,0,0,0,0,0,0,0,0,0,0,0,1,4
Mate SC,0,1,0,0,0,0,0,0,0,0,0,0,0,0,0,1,4
Matemasie,0,1,0,0,0,0,0,0,0,0,0,0,0,0,1,0,3
Material Icons,0,1,0,0,0,0,0,0,0,0,0,0,0,1,0,0,0
Material Icons Outlined,0,1,0,0,0,0,0,0,0,0,0,0,0,1,0,0,0
Material Icons Round,0,1,0,0,0,0,0,0,0,0,0,0,0,1,0,0,0
Material Icons Sharp,0,1,0,0,0,0,0,0,0,0,0,0,0,1,0,0,0
Material Icons Two Tone,0,1,0,0,0,0,0,0,0,0,0,0,0,1,0,0,0
Material Symbols,0,1,1,1,1,0,1,1,1,0,0,0,0,1,0,0,8
Material Symbols Outlined,0,1,1,1,1,0,1,1,1,0,0,0,0,1,0,0,8
Material Symbols Rounded,0,1,1,1,1,0,1,1,1,0,0,0,0,1,0,0,8
Material Symbols Sharp,0,1,1,1,1,0,1,1,1,0,0,0,0,1,0,0,8
Maven Pro,0,1,0,0,0,0,1,1,1,1,1,0,0,0,1,0,5
McLaren,0,1,0,0,0,0,0,0,0,0,0,1,0,0,0,0,2
Mea Culpa,0,1,0,0,0,0,0,0,0,0,0,0,1,0,0,0,0
Meddon,0,1,0,0,0,0,0,0,0,0,0,0,1,0,0,0,0
MedievalSharp,0,1,0,0,0,0,0,0,0,0,0,1,0,0,0,0,2
Medula One,0,1,0,0,0,0,0,0,0,0,0,1,0,0,0,0,2
Meera Inimai,0,1,0,0,0,0,0,0,0,0,0,0,0,0,1,0,3
Megrim,0,1,0,0,0,0,0,0,0,0,0,1,0,0,0,0,2
Meie Script,0,1,0,0,0,0,0,0,0,0,0,0,1,0,0,0,0
Menbere,0,1,1,1,1,0,1,1,1,0,0,0,0,0,1,0,1
Meow Script,0,1,0,0,0,0,0,0,0,0,0,0,1,0,0,0,0
Merienda,0,1,0,0,1,0,1,1,1,1,1,0,1,0,0,0,8
Merriweather,1,1,0,0,1,0,1,1,1,1,1,0,0,0,0,1,8
Merriweather Sans,1,1,0,0,1,0,1,1,1,1,0,0,0,0,1,0,5
Metal,0,1,0,0,0,0,0,0,0,0,0,1,0,0,0,0,2
Metal Mania,0,1,0,0,0,0,0,0,0,0,0,1,0,0,0,0,2
Metamorphous,0,1,0,0,0,0,0,0,0,0,0,1,0,0,0,0,2
Metrophobic,0,1,0,0,0,0,0,0,0,0,0,0,0,0,1,0,3
Michroma,0,1,0,0,0,0,0,0,0,0,0,0,0,0,1,0,3
Micro 5,0,1,0,0,0,0,0,0,0,0,0,1,0,0,0,0,2
Micro 5 Charted,0,1,0,0,0,0,0,0,0,0,0,1,0,0,0,0,2
Milonga,0,1,0,0,0,0,0,0,0,0,0,1,0,0,0,0,2
Miltonian,0,1,0,0,0,0,0,0,0,0,0,1,0,0,0,0,2
Miltonian Tattoo,0,1,0,0,0,0,0,0,0,0,0,1,0,0,0,0,2
Mina,0,1,0,0,0,0,0,0,1,0,0,0,0,0,1,0,9
Mingzat,0,1,0,0,0,0,0,0,0,0,0,0,0,0,1,0,3
Miniver,0,1,0,0,0,0,0,0,0,0,0,1,0,0,0,0,2
Miriam Libre,0,1,0,0,0,0,1,1,1,0,0,0,0,0,1,0,5
Mirza,0,1,0,0,0,0,1,1,1,0,0,0,0,0,0,1,6
Miss Fajardose,0,1,0,0,0,0,0,0,0,0,0,0,1,0,0,0,0
Mitr,0,1,0,1,1,0,1,1,1,0,0,0,0,0,1,0,5
Mochiy Pop One,0,1,0,0,0,0,0,0,0,0,0,0,0,0,1,0,3
Mochiy Pop P One,0,1,0,0,0,0,0,0,0,0,0,0,0,0,1,0,3
Modak,0,1,0,0,0,0,0,0,0,0,0,1,0,0,0,0,2
Modern Antiqua,0,1,0,0,0,0,0,0,0,0,0,1,0,0,0,0,2
Moderustic,0,1,0,0,1,0,1,1,1,1,0,0,0,0,1,0,5
Mogra,0,1,0,0,0,0,0,0,0,0,0,1,0,0,0,0,2
Mohave,1,1,0,0,1,0,1,1,1,0,0,0,0,0,1,0,5
Moirai One,0,1,0,0,0,0,0,0,0,0,0,1,0,0,0,0,2
Molengo,0,1,0,0,0,0,0,0,0,0,0,0,0,0,1,0,3
Molle,1,0,0,0,0,0,0,0,0,0,0,0,1,0,0,0,0
Mona Sans,1,1,0,1,1,0,1,1,1,1,1,0,0,0,1,0,1
Monda,0,1,0,0,0,0,1,1,1,0,0,0,0,0,1,0,5
Monofett,0,1,0,0,0,0,0,0,0,0,0,0,0,1,0,0,0
Monomakh,0,1,0,0,0,0,0,0,0,0,0,1,0,0,0,0,2
Monomaniac One,0,1,0,0,0,0,0,0,0,0,0,0,0,0,1,0,3
Monoton,0,1,0,0,0,0,0,0,0,0,0,1,0,0,0,0,2
Monsieur La Doulaise,0,1,0,0,0,0,0,0,0,0,0,0,1,0,0,0,0
Montaga,0,1,0,0,0,0,0,0,0,0,0,0,0,0,0,1,4
Montagu Slab,0,1,1,1,1,0,1,1,1,0,0,0,0,0,0,1,8
MonteCarlo,0,1,0,0,0,0,0,0,0,0,0,0,1,0,0,0,0
Montez,0,1,0,0,0,0,0,0,0,0,0,0,1,0,0,0,0
Montserrat,1,1,1,1,1,0,1,1,1,1,1,0,0,0,1,0,1
Montserrat Alternates,1,1,1,1,1,0,1,1,1,1,1,0,0,0,1,0,1
Montserrat Underline,1,1,1,1,1,0,1,1,1,1,1,0,0,0,1,0,1
Moo Lah Lah,0,1,0,0,0,0,0,0,0,0,0,1,0,0,0,0,2
Mooli,0,1,0,0,0,0,0,0,0,0,0,0,0,0,1,0,3
Moon Dance,0,1,0,0,0,0,0,0,0,0,0,0,1,0,0,0,0
Moul,0,1,0,0,0,0,0,0,0,0,0,1,0,0,0,0,2
Moulpali,0,1,0,0,0,0,0,0,0,0,0,0,0,0,1,0,3
Mountains of Christmas,0,1,0,0,0,0,0,0,1,0,0,1,0,0,0,0,2
Mouse Memoirs,0,1,0,0,0,0,0,0,0,0,0,0,0,0,1,0,3
Mozilla Headline,0,1,0,1,1,0,1,1,1,0,0,0,0,0,1,0,5
Mozilla Text,0,1,0,1,1,0,1,1,1,0,0,0,0,0,1,0,5
Mr Bedfort,0,1,0,0,0,0,0,0,0,0,0,0,1,0,0,0,0
Mr Dafoe,0,1,0,0,0,0,0,0,0,0,0,0,1,0,0,0,0
Mr De Haviland,0,1,0,0,0,0,0,0,0,0,0,0,1,0,0,0,0
Mrs Saint Delafield,0,1,0,0,0,0,0,0,0,0,0,0,1,0,0,0,0
Mrs Sheppards,0,1,0,0,0,0,0,0,0,0,0,0,1,0,0,0,0
Ms Madi,0,1,0,0,0,0,0,0,0,0,0,0,1,0,0,0,0
Mukta,0,1,0,1,1,0,1,1,1,1,0,0,0,0,1,0,1
Mukta Mahee,0,1,0,1,1,0,1,1,1,1,0,0,0,0,1,0,1
Mukta Malar,0,1,0,1,1,0,1,1,1,1,0,0,0,0,1,0,1
Mukta Vaani,0,1,0,1,1,0,1,1,1,1,0,0,0,0,1,0,1
Mulish,1,1,0,1,1,0,1,1,1,1,1,0,0,0,1,0,1
Murecho,0,1,1,1,1,0,1,1,1,1,1,0,0,0,1,0,1
MuseoModerno,1,1,1,1,1,0,1,1,1,1,1,1,0,0,0,0,8
My Soul,0,1,0,0,0,0,0,0,0,0,0,0,1,0,0,0,0
Mynerve,0,1,0,0,0,0,0,0,0,0,0,0,1,0,0,0,0
Mystery Quest,0,1,0,0,0,0,0,0,0,0,0,1,0,0,0,0,2
NTR,0,1,0,0,0,0,0,0,0,0,0,0,0,0,1,0,3
Nabla,0,1,0,0,0,0,0,0,0,0,0,1,0,0,0,0,2
Namdhinggo,0,1,0,0,0,0,1,1,1,1,0,0,0,0,0,1,6
Nanum Brush Script,0,1,0,0,0,0,0,0,0,0,0,0,1,0,0,0,0
Nanum Gothic,0,1,0,0,0,0,0,0,1,1,0,0,0,0,1,0,9
Nanum Gothic Coding,0,1,0,0,0,0,0,0,1,0,0,0,1,0,0,0,0
Nanum Myeongjo,0,1,0,0,0,0,0,0,1,1,0,0,0,0,0,1,4
Nanum Pen Script,0,1,0,0,0,0,0,0,0,0,0,0,1,0,0,0,0
Narnoor,0,1,0,0,0,0,1,1,1,1,0,0,0,0,1,0,5
Nata Sans,0,1,1,1,1,0,1,1,1,1,1,0,0,0,1,0,1
National Park,0,1,0,1,1,0,1,1,1,1,0,0,0,0,1,0,1
Neonderthaw,0,1,0,0,0,0,0,0,0,0,0,0,1,0,0,0,0
Nerko One,0,1,0,0,0,0,0,0,0,0,0,0,1,0,0,0,0
Neucha,0,1,0,0,0,0,0,0,0,0,0,0,1,0,0,0,0
Neuton,1,1,0,1,1,0,0,0,1,1,0,0,0,0,0,1,8
New Amsterdam,0,1,0,0,0,0,0,0,0,0,0,0,0,0,1,0,3
New Rocker,0,1,0,0,0,0,0,0,0,0,0,1,0,0,0,0,2
New Tegomin,0,1,0,0,0,0,0,0,0,0,0,0,0,0,0,1,4
News Cycle,0,1,0,0,0,0,0,0,1,0,0,0,0,0,1,0,9
Newsreader,1,1,0,1,1,0,1,1,1,1,0,0,0,0,0,1,8
Niconne,0,1,0,0,0,0,0,0,0,0,0,0,1,0,0,0,0
Niramit,1,1,0,1,1,0,1,1,1,0,0,0,0,0,1,0,5
Nixie One,0,1,0,0,0,0,0,0,0,0,0,1,0,0,0,0,2
Nobile,1,1,0,0,0,0,1,0,1,0,0,0,0,0,1,0,9
Nokora,0,1,1,1,1,0,1,1,1,1,1,0,0,0,1,0,1
Norican,0,1,0,0,0,0,0,0,0,0,0,0,1,0,0,0,0
Nosifer,0,1,0,0,0,0,0,0,0,0,0,1,0,0,0,0,2
Notable,0,1,0,0,0,0,0,0,0,0,0,0,0,0,1,0,3
Nothing You Could Do,0,1,0,0,0,0,0,0,0,0,0,0,1,0,0,0,0
Noticia Text,1,1,0,0,0,0,0,0,1,0,0,0,0,0,0,1,4
Noto Color Emoji,0,1,0,0,0,0,0,0,0,0,0,0,0,0,1,0,3
Noto Emoji,0,1,0,0,1,0,1,1,1,0,0,0,0,0,1,0,5
Noto Kufi Arabic,0,1,1,1,1,0,1,1,1,1,1,0,0,0,1,0,1
Noto Music,0,1,0,0,0,0,0,0,0,0,0,0,0,0,1,0,3
Noto Naskh Arabic,0,1,0,0,0,0,1,1,1,0,0,0,0,0,0,1,6
Noto Nastaliq Urdu,0,1,0,0,0,0,1,1,1,0,0,0,0,0,0,1,6
Noto Rashi Hebrew,0,1,1,1,1,0,1,1,1,1,1,0,0,0,0,1,8
Noto Sans,1,1,1,1,1,0,1,1,1,1,1,0,0,0,1,0,1
Noto Sans Adlam,0,1,0,0,0,0,1,1,1,0,0,0,0,0,1,0,5
Noto Sans Adlam Unjoined,0,1,0,0,0,0,1,1,1,0,0,0,0,0,1,0,5
Noto Sans Anatolian Hieroglyphs,0,1,0,0,0,0,0,0,0,0,0,0,0,0,1,0,3
Noto Sans Arabic,0,1,1,1,1,0,1,1,1,1,1,0,0,0,1,0,1
Noto Sans Armenian,0,1,1,1,1,0,1,1,1,1,1,0,0,0,1,0,1
Noto Sans Avestan,0,1,0,0,0,0,0,0,0,0,0,0,0,0,1,0,3
Noto Sans Balinese,0,1,0,0,0,0,1,1,1,0,0,0,0,0,1,0,5
Noto Sans Bamum,0,1,0,0,0,0,1,1,1,0,0,0,0,0,1,0,5
Noto Sans Bassa Vah,0,1,0,0,0,0,1,1,1,0,0,0,0,0,1,0,5
Noto Sans Batak,0,1,0,0,0,0,0,0,0,0,0,0,0,0,1,0,3
Noto Sans Bengali,0,1,1,1,1,0,1,1,1,1,1,0,0,0,1,0,1
Noto Sans Bhaiksuki,0,1,0,0,0,0,0,0,0,0,0,0,0,0,1,0,3
Noto Sans Brahmi,0,1,0,0,0,0,0,0,0,0,0,0,0,0,1,0,3
Noto Sans Buginese,0,1,0,0,0,0,0,0,0,0,0,0,0,0,1,0,3
Noto Sans Buhid,0,1,0,0,0,0,0,0,0,0,0,0,0,0,1,0,3
Noto Sans Canadian Aboriginal,0,1,1,1,1,0,1,1,1,1,1,0,0,0,1,0,1
Noto Sans Carian,0,1,0,0,0,0,0,0,0,0,0,0,0,0,1,0,3
Noto Sans Caucasian Albanian,0,1,0,0,0,0,0,0,0,0,0,0,0,0,1,0,3
Noto Sans Chakma,0,1,0,0,0,0,0,0,0,0,0,0,0,0,1,0,3
Noto Sans Cham,0,1,1,1,1,0,1,1,1,1,1,0,0,0,1,0,1
Noto Sans Cherokee,0,1,1,1,1,0,1,1,1,1,1,0,0,0,1,0,1
Noto Sans Chorasmian,0,1,0,0,0,0,0,0,0,0,0,0,0,0,1,0,3
Noto Sans Coptic,0,1,0,0,0,0,0,0,0,0,0,0,0,0,1,0,3
Noto Sans Cuneiform,0,1,0,0,0,0,0,0,0,0,0,0,0,0,1,0,3
Noto Sans Cypriot,0,1,0,0,0,0,0,0,0,0,0,0,0,0,1,0,3
Noto Sans Cypro Minoan,0,1,0,0,0,0,0,0,0,0,0,0,0,0,1,0,3
Noto Sans Deseret,0,1,0,0,0,0,0,0,0,0,0,0,0,0,1,0,3
Noto Sans Devanagari,0,1,1,1,1,0,1,1,1,1,1,0,0,0,1,0,1
Noto Sans Display,1,1,1,1,1,0,1,1,1,1,1,0,0,0,1,0,1
Noto Sans Duployan,0,1,0,0,0,0,0,0,1,0,0,0,0,0,1,0,9
Noto Sans Egyptian Hieroglyphs,0,1,0,0,0,0,0,0,0,0,0,0,0,0,1,0,3
Noto Sans Elbasan,0,1,0,0,0,0,0,0,0,0,0,0,0,0,1,0,3
Noto Sans Elymaic,0,1,0,0,0,0,0,0,0,0,0,0,0,0,1,0,3
Noto Sans Ethiopic,0,1,1,1,1,0,1,1,1,1,1,0,0,0,1,0,1
Noto Sans Georgian,0,1,1,1,1,0,1,1,1,1,1,0,0,0,1,0,1
Noto Sans Glagolitic,0,1,0,0,0,0,0,0,0,0,0,0,0,0,1,0,3
Noto Sans Gothic,0,1,0,0,0,0,0,0,0,0,0,0,0,0,1,0,3
Noto Sans Grantha,0,1,0,0,0,0,0,0,0,0,0,0,0,0,1,0,3
Noto Sans Gujarati,0,1,1,1,1,0,1,1,1,1,1,0,0,0,1,0,1
Noto Sans Gunjala Gondi,0,1,0,0,0,0,1,1,1,0,0,0,0,0,1,0,5
Noto Sans Gurmukhi,0,1,1,1,1,0,1,1,1,1,1,0,0,0,1,0,1
Noto Sans HK,0,1,1,1,1,0,1,1,1,1,1,0,0,0,1,0,1
Noto Sans Hanifi Rohingya,0,1,0,0,0,0,1,1,1,0,0,0,0,0,1,0,5
Noto Sans Hanunoo,0,1,0,0,0,0,0,0,0,0,0,0,0,0,1,0,3
Noto Sans Hatran,0,1,0,0,0,0,0,0,0,0,0,0,0,0,1,0,3
Noto Sans Hebrew,0,1,1,1,1,0,1,1,1,1,1,0,0,0,1,0,1
Noto Sans Imperial Aramaic,0,1,0,0,0,0,0,0,0,0,0,0,0,0,1,0,3
Noto Sans Indic Siyaq Numbers,0,1,0,0,0,0,0,0,0,0,0,0,0,0,1,0,3
Noto Sans Inscriptional Pahlavi,0,1,0,0,0,0,0,0,0,0,0,0,0,0,1,0,3
Noto Sans Inscriptional Parthian,0,1,0,0,0,0,0,0,0,0,0,0,0,0,1,0,3
Noto Sans JP,0,1,1,1,1,0,1,1,1,1,1,0,0,0,1,0,1
Noto Sans Javanese,0,1,0,0,0,0,1,1,1,0,0,0,0,0,1,0,5
Noto Sans KR,0,1,1,1,1,0,1,1,1,1,1,0,0,0,1,0,1
Noto Sans Kaithi,0,1,0,0,0,0,0,0,0,0,0,0,0,0,1,0,3
Noto Sans Kannada,0,1,1,1,1,0,1,1,1,1,1,0,0,0,1,0,1
Noto Sans Kawi,0,1,0,0,0,0,1,1,1,0,0,0,0,0,1,0,5
Noto Sans Kayah Li,0,1,0,0,0,0,1,1,1,0,0,0,0,0,1,0,5
Noto Sans Kharoshthi,0,1,0,0,0,0,0,0,0,0,0,0,0,0,1,0,3
Noto Sans Khmer,0,1,1,1,1,0,1,1,1,1,1,0,0,0,1,0,1
Noto Sans Khojki,0,1,0,0,0,0,0,0,0,0,0,0,0,0,1,0,3
Noto Sans Khudawadi,0,1,0,0,0,0,0,0,0,0,0,0,0,0,1,0,3
Noto Sans Lao,0,1,1,1,1,0,1,1,1,1,1,0,0,0,1,0,1
Noto Sans Lao Looped,0,1,1,1,1,0,1,1,1,1,1,0,0,0,1,0,1
Noto Sans Lepcha,0,1,0,0,0,0,0,0,0,0,0,0,0,0,1,0,3
Noto Sans Limbu,0,1,0,0,0,0,0,0,0,0,0,0,0,0,1,0,3
Noto Sans Linear A,0,1,0,0,0,0,0,0,0,0,0,0,0,0,1,0,3
Noto Sans Linear B,0,1,0,0,0,0,0,0,0,0,0,0,0,0,1,0,3
Noto Sans Lisu,0,1,0,0,0,0,1,1,1,0,0,0,0,0,1,0,5
Noto Sans Lycian,0,1,0,0,0,0,0,0,0,0,0,0,0,0,1,0,3
Noto Sans Lydian,0,1,0,0,0,0,0,0,0,0,0,0,0,0,1,0,3
Noto Sans Mahajani,0,1,0,0,0,0,0,0,0,0,0,0,0,0,1,0,3
Noto Sans Malayalam,0,1,1,1,1,0,1,1,1,1,1,0,0,0,1,0,1
Noto Sans Mandaic,0,1,0,0,0,0,0,0,0,0,0,0,0,0,1,0,3
Noto Sans Manichaean,0,1,0,0,0,0,0,0,0,0,0,0,0,0,1,0,3
Noto Sans Marchen,0,1,0,0,0,0,0,0,0,0,0,0,0,0,1,0,3
Noto Sans Masaram Gondi,0,1,0,0,0,0,0,0,0,0,0,0,0,0,1,0,3
Noto Sans Math,0,1,0,0,0,0,0,0,0,0,0,0,0,0,1,0,3
Noto Sans Mayan Numerals,0,1,0,0,0,0,0,0,0,0,0,0,0,0,1,0,3
Noto Sans Medefaidrin,0,1,0,0,0,0,1,1,1,0,0,0,0,0,1,0,5
Noto Sans Meetei Mayek,0,1,1,1,1,0,1,1,1,1,1,0,0,0,1,0,1
Noto Sans Mende Kikakui,0,1,0,0,0,0,0,0,0,0,0,0,0,0,1,0,3
Noto Sans Meroitic,0,1,0,0,0,0,0,0,0,0,0,0,0,0,1,0,3
Noto Sans Miao,0,1,0,0,0,0,0,0,0,0,0,0,0,0,1,0,3
Noto Sans Modi,0,1,0,0,0,0,0,0,0,0,0,0,0,0,1,0,3
Noto Sans Mongolian,0,1,0,0,0,0,0,0,0,0,0,0,0,0,1,0,3
Noto Sans Mono,0,1,1,1,1,0,1,1,1,1,1,0,0,0,1,0,1
Noto Sans Mro,0,1,0,0,0,0,0,0,0,0,0,0,0,0,1,0,3
Noto Sans Multani,0,1,0,0,0,0,0,0,0,0,0,0,0,0,1,0,3
Noto Sans Myanmar,0,1,1,1,1,0,1,1,1,1,1,0,0,0,1,0,1
Noto Sans NKo,0,1,0,0,0,0,0,0,0,0,0,0,0,0,1,0,3
Noto Sans NKo Unjoined,0,1,0,0,0,0,1,1,1,0,0,0,0,0,1,0,5
Noto Sans Nabataean,0,1,0,0,0,0,0,0,0,0,0,0,0,0,1,0,3
Noto Sans Nag Mundari,0,1,0,0,0,0,1,1,1,0,0,0,0,0,1,0,5
Noto Sans Nandinagari,0,1,0,0,0,0,0,0,0,0,0,0,0,0,1,0,3
Noto Sans New Tai Lue,0,1,0,0,0,0,1,1,1,0,0,0,0,0,1,0,5
Noto Sans Newa,0,1,0,0,0,0,0,0,0,0,0,0,0,0,1,0,3
Noto Sans Nushu,0,1,0,0,0,0,0,0,0,0,0,0,0,0,1,0,3
Noto Sans Ogham,0,1,0,0,0,0,0,0,0,0,0,0,0,0,1,0,3
Noto Sans Ol Chiki,0,1,0,0,0,0,1,1,1,0,0,0,0,0,1,0,5
Noto Sans Old Hungarian,0,1,0,0,0,0,0,0,0,0,0,0,0,0,1,0,3
Noto Sans Old Italic,0,1,0,0,0,0,0,0,0,0,0,0,0,0,1,0,3
Noto Sans Old North Arabian,0,1,0,0,0,0,0,0,0,0,0,0,0,0,1,0,3
Noto Sans Old Permic,0,1,0,0,0,0,0,0,0,0,0,0,0,0,1,0,3
Noto Sans Old Persian,0,1,0,0,0,0,0,0,0,0,0,0,0,0,1,0,3
Noto Sans Old Sogdian,0,1,0,0,0,0,0,0,0,0,0,0,0,0,1,0,3
Noto Sans Old South Arabian,0,1,0,0,0,0,0,0,0,0,0,0,0,0,1,0,3
Noto Sans Old Turkic,0,1,0,0,0,0,0,0,0,0,0,0,0,0,1,0,3
Noto Sans Oriya,0,1,1,1,1,0,1,1,1,1,1,0,0,0,1,0,1
Noto Sans Osage,0,1,0,0,0,0,0,0,0,0,0,0,0,0,1,0,3
Noto Sans Osmanya,0,1,0,0,0,0,0,0,0,0,0,0,0,0,1,0,3
Noto Sans Pahawh Hmong,0,1,0,0,0,0,0,0,0,0,0,0,0,0,1,0,3
Noto Sans Palmyrene,0,1,0,0,0,0,0,0,0,0,0,0,0,0,1,0,3
Noto Sans Pau Cin Hau,0,1,0,0,0,0,0,0,0,0,0,0,0,0,1,0,3
Noto Sans PhagsPa,0,1,0,0,0,0,0,0,0,0,0,0,0,0,1,0,3
Noto Sans Phoenician,0,1,0,0,0,0,0,0,0,0,0,0,0,0,1,0,3
Noto Sans Psalter Pahlavi,0,1,0,0,0,0,0,0,0,0,0,0,0,0,1,0,3
Noto Sans Rejang,0,1,0,0,0,0,0,0,0,0,0,0,0,0,1,0,3
Noto Sans Runic,0,1,0,0,0,0,0,0,0,0,0,0,0,0,1,0,3
Noto Sans SC,0,1,1,1,1,0,1,1,1,1,1,0,0,0,1,0,1
Noto Sans Samaritan,0,1,0,0,0,0,0,0,0,0,0,0,0,0,1,0,3
Noto Sans Saurashtra,0,1,0,0,0,0,0,0,0,0,0,0,0,0,1,0,3
Noto Sans Sharada,0,1,0,0,0,0,0,0,0,0,0,0,0,0,1,0,3
Noto Sans Shavian,0,1,0,0,0,0,0,0,0,0,0,0,0,0,1,0,3
Noto Sans Siddham,0,1,0,0,0,0,0,0,0,0,0,0,0,0,1,0,3
Noto Sans SignWriting,0,1,0,0,0,0,0,0,0,0,0,0,0,0,1,0,3
Noto Sans Sinhala,0,1,1,1,1,0,1,1,1,1,1,0,0,0,1,0,1
Noto Sans Sogdian,0,1,0,0,0,0,0,0,0,0,0,0,0,0,1,0,3
Noto Sans Sora Sompeng,0,1,0,0,0,0,1,1,1,0,0,0,0,0,1,0,5
Noto Sans Soyombo,0,1,0,0,0,0,0,0,0,0,0,0,0,0,1,0,3
Noto Sans Sundanese,0,1,0,0,0,0,1,1,1,0,0,0,0,0,1,0,5
Noto Sans Sunuwar,0,1,0,0,0,0,0,0,0,0,0,0,0,0,1,0,3
Noto Sans Syloti Nagri,0,1,0,0,0,0,0,0,0,0,0,0,0,0,1,0,3
Noto Sans Symbols,0,1,1,1,1,0,1,1,1,1,1,0,0,0,1,0,1
Noto Sans Symbols 2,0,1,0,0,0,0,0,0,0,0,0,0,0,0,1,0,3
Noto Sans Syriac,0,1,1,1,1,0,1,1,1,1,1,0,0,0,1,0,1
Noto Sans Syriac Eastern,0,1,1,1,1,0,1,1,1,1,1,0,0,0,1,0,1
Noto Sans TC,0,1,1,1,1,0,1,1,1,1,1,0,0,0,1,0,1
Noto Sans Tagalog,0,1,0,0,0,0,0,0,0,0,0,0,0,0,1,0,3
Noto Sans Tagbanwa,0,1,0,0,0,0,0,0,0,0,0,0,0,0,1,0,3
Noto Sans Tai Le,0,1,0,0,0,0,0,0,0,0,0,0,0,0,1,0,3
Noto Sans Tai Tham,0,1,0,0,0,0,1,1,1,0,0,0,0,0,1,0,5
Noto Sans Tai Viet,0,1,0,0,0,0,0,0,0,0,0,0,0,0,1,0,3
Noto Sans Takri,0,1,0,0,0,0,0,0,0,0,0,0,0,0,1,0,3
Noto Sans Tamil,0,1,1,1,1,0,1,1,1,1,1,0,0,0,1,0,1
Noto Sans Tamil Supplement,0,1,0,0,0,0,0,0,0,0,0,0,0,0,1,0,3
Noto Sans Tangsa,0,1,0,0,0,0,1,1,1,0,0,0,0,0,1,0,5
Noto Sans Telugu,0,1,1,1,1,0,1,1,1,1,1,0,0,0,1,0,1
Noto Sans Thaana,0,1,1,1,1,0,1,1,1,1,1,0,0,0,1,0,1
Noto Sans Thai,0,1,1,1,1,0,1,1,1,1,1,0,0,0,1,0,1
Noto Sans Thai Looped,0,1,1,1,1,0,1,1,1,1,1,0,0,0,1,0,1
Noto Sans Tifinagh,0,1,0,0,0,0,0,0,0,0,0,0,0,0,1,0,3
Noto Sans Tirhuta,0,1,0,0,0,0,0,0,0,0,0,0,0,0,1,0,3
Noto Sans Ugaritic,0,1,0,0,0,0,0,0,0,0,0,0,0,0,1,0,3
Noto Sans Vai,0,1,0,0,0,0,0,0,0,0,0,0,0,0,1,0,3
Noto Sans Vithkuqi,0,1,0,0,0,0,1,1,1,0,0,0,0,0,1,0,5
Noto Sans Wancho,0,1,0,0,0,0,0,0,0,0,0,0,0,0,1,0,3
Noto Sans Warang Citi,0,1,0,0,0,0,0,0,0,0,0,0,0,0,1,0,3
Noto Sans Yi,0,1,0,0,0,0,0,0,0,0,0,0,0,0,1,0,3
Noto Sans Zanabazar Square,0,1,0,0,0,0,0,0,0,0,0,0,0,0,1,0,3
Noto Serif,1,1,1,1,1,0,1,1,1,1,1,0,0,0,0,1,8
Noto Serif Ahom,0,1,0,0,0,0,0,0,0,0,0,0,0,0,0,1,4
Noto Serif Armenian,0,1,1,1,1,0,1,1,1,1,1,0,0,0,0,1,8
Noto Serif Balinese,0,1,0,0,0,0,0,0,0,0,0,0,0,0,0,1,4
Noto Serif Bengali,0,1,1,1,1,0,1,1,1,1,1,0,0,0,0,1,8
Noto Serif Devanagari,0,1,1,1,1,0,1,1,1,1,1,0,0,0,0,1,8
Noto Serif Display,1,1,1,1,1,0,1,1,1,1,1,0,0,0,0,1,8
Noto Serif Dives Akuru,0,1,0,0,0,0,0,0,0,0,0,0,0,0,0,1,4
Noto Serif Dogra,0,1,0,0,0,0,0,0,0,0,0,0,0,0,0,1,4
Noto Serif Ethiopic,0,1,1,1,1,0,1,1,1,1,1,0,0,0,0,1,8
Noto Serif Georgian,0,1,1,1,1,0,1,1,1,1,1,0,0,0,0,1,8
Noto Serif Grantha,0,1,0,0,0,0,0,0,0,0,0,0,0,0,0,1,4
Noto Serif Gujarati,0,1,1,1,1,0,1,1,1,1,1,0,0,0,0,1,8
Noto Serif Gurmukhi,0,1,1,1,1,0,1,1,1,1,1,0,0,0,0,1,8
Noto Serif HK,0,1,0,1,1,0,1,1,1,1,1,0,0,0,0,1,8
Noto Serif Hebrew,0,1,1,1,1,0,1,1,1,1,1,0,0,0,0,1,8
Noto Serif Hentaigana,0,1,0,1,1,0,1,1,1,1,1,0,0,0,0,1,8
Noto Serif JP,0,1,0,1,1,0,1,1,1,1,1,0,0,0,0,1,8
Noto Serif KR,0,1,0,1,1,0,1,1,1,1,1,0,0,0,0,1,8
Noto Serif Kannada,0,1,1,1,1,0,1,1,1,1,1,0,0,0,0,1,8
Noto Serif Khitan Small Script,0,1,0,0,0,0,0,0,0,0,0,0,0,0,0,1,4
Noto Serif Khmer,0,1,1,1,1,0,1,1,1,1,1,0,0,0,0,1,8
Noto Serif Khojki,0,1,0,0,0,0,1,1,1,0,0,0,0,0,0,1,6
Noto Serif Lao,0,1,1,1,1,0,1,1,1,1,1,0,0,0,0,1,8
Noto Serif Makasar,0,1,0,0,0,0,0,0,0,0,0,0,0,0,0,1,4
Noto Serif Malayalam,0,1,1,1,1,0,1,1,1,1,1,0,0,0,0,1,8
Noto Serif Myanmar,0,1,1,1,1,0,1,1,1,1,1,0,0,0,0,1,8
Noto Serif NP Hmong,0,1,0,0,0,0,1,1,1,0,0,0,0,0,0,1,6
Noto Serif Old Uyghur,0,1,0,0,0,0,0,0,0,0,0,0,0,0,0,1,4
Noto Serif Oriya,0,1,0,0,0,0,1,1,1,0,0,0,0,0,0,1,6
Noto Serif Ottoman Siyaq,0,1,0,0,0,0,0,0,0,0,0,0,0,0,0,1,4
Noto Serif SC,0,1,0,1,1,0,1,1,1,1,1,0,0,0,0,1,8
Noto Serif Sinhala,0,1,1,1,1,0,1,1,1,1,1,0,0,0,0,1,8
Noto Serif TC,0,1,0,1,1,0,1,1,1,1,1,0,0,0,0,1,8
Noto Serif Tamil,1,1,1,1,1,0,1,1,1,1,1,0,0,0,0,1,8
Noto Serif Tangut,0,1,0,0,0,0,0,0,0,0,0,0,0,0,0,1,4
Noto Serif Telugu,0,1,1,1,1,0,1,1,1,1,1,0,0,0,0,1,8
Noto Serif Thai,0,1,1,1,1,0,1,1,1,1,1,0,0,0,0,1,8
Noto Serif Tibetan,0,1,1,1,1,0,1,1,1,1,1,0,0,0,0,1,8
Noto Serif Todhri,0,1,0,0,0,0,0,0,0,0,0,0,0,0,0,1,4
Noto Serif Toto,0,1,0,0,0,0,1,1,1,0,0,0,0,0,0,1,6
Noto Serif Vithkuqi,0,1,0,0,0,0,1,1,1,0,0,0,0,0,0,1,6
Noto Serif Yezidi,0,1,0,0,0,0,1,1,1,0,0,0,0,0,0,1,6
Noto Traditional Nushu,0,1,0,0,1,0,1,1,1,0,0,0,0,0,1,0,5
Noto Znamenny Musical Notation,0,1,0,0,0,0,0,0,0,0,0,0,0,0,1,0,3
Nova Cut,0,1,0,0,0,0,0,0,0,0,0,1,0,0,0,0,2
Nova Flat,0,1,0,0,0,0,0,0,0,0,0,1,0,0,0,0,2
Nova Mono,0,1,0,0,0,0,0,0,0,0,0,0,0,1,0,0,0
Nova Oval,0,1,0,0,0,0,0,0,0,0,0,1,0,0,0,0,2
Nova Round,0,1,0,0,0,0,0,0,0,0,0,1,0,0,0,0,2
Nova Script,0,1,0,0,0,0,0,0,0,0,0,1,0,0,0,0,2
Nova Slim,0,1,0,0,0,0,0,0,0,0,0,1,0,0,0,0,2
Nova Square,0,1,0,0,0,0,0,0,0,0,0,1,0,0,0,0,2
Numans,0,1,0,0,0,0,0,0,0,0,0,0,0,0,1,0,3
Nunito,1,1,0,1,1,0,1,1,1,1,1,0,0,0,1,0,1
Nunito Sans,1,1,0,1,1,0,1,1,1,1,1,0,0,0,1,0,1
Nuosu SIL,0,1,0,0,0,0,0,0,0,0,0,0,0,0,1,0,3
Odibee Sans,0,1,0,0,0,0,0,0,0,0,0,1,0,0,0,0,2
Odor Mean Chey,0,1,0,0,0,0,0,0,0,0,0,0,0,0,0,1,4
Offside,0,1,0,0,0,0,0,0,0,0,0,1,0,0,0,0,2
Oi,0,1,0,0,0,0,0,0,0,0,0,1,0,0,0,0,2
Ojuju,0,1,0,1,1,0,1,1,1,1,0,0,0,0,1,0,1
Old Standard TT,1,1,0,0,0,0,0,0,1,0,0,0,0,0,0,1,4
Oldenburg,0,1,0,0,0,0,0,0,0,0,0,1,0,0,0,0,2
Ole,0,1,0,0,0,0,0,0,0,0,0,0,1,0,0,0,0
Oleo Script,0,1,0,0,0,0,0,0,1,0,0,1,0,0,0,0,2
Oleo Script Swash Caps,0,1,0,0,0,0,0,0,1,0,0,1,0,0,0,0,2
Onest,0,1,1,1,1,0,1,1,1,1,1,0,0,0,1,0,1
Oooh Baby,0,1,0,0,0,0,0,0,0,0,0,0,1,0,0,0,0
Open Sans,1,1,0,0,1,0,1,1,1,1,0,0,0,0,1,0,5
Oranienbaum,0,1,0,0,0,0,0,0,0,0,0,0,0,0,0,1,4
Orbit,0,1,0,0,0,0,0,0,0,0,0,0,0,0,1,0,3
Orbitron,0,1,0,0,0,0,1,1,1,1,1,0,0,0,1,0,5
Oregano,1,1,0,0,0,0,0,0,0,0,0,1,0,0,0,0,2
Orelega One,0,1,0,0,0,0,0,0,0,0,0,1,0,0,0,0,2
Orienta,0,1,0,0,0,0,0,0,0,0,0,0,0,0,1,0,3
Original Surfer,0,1,0,0,0,0,0,0,0,0,0,1,0,0,0,0,2
Oswald,0,1,0,1,1,0,1,1,1,0,0,0,0,0,1,0,5
Outfit,0,1,1,1,1,0,1,1,1,1,1,0,0,0,1,0,1
Over the Rainbow,0,1,0,0,0,0,0,0,0,0,0,0,1,0,0,0,0
Overlock,1,1,0,0,0,0,0,0,1,0,1,1,0,0,0,0,9
Overlock SC,0,1,0,0,0,0,0,0,0,0,0,1,0,0,0,0,2
Overpass,1,1,1,1,1,0,1,1,1,1,1,0,0,0,1,0,1
Overpass Mono,0,1,0,0,1,0,1,1,1,0,0,0,0,1,0,0,5
Ovo,0,1,0,0,0,0,0,0,0,0,0,0,0,0,0,1,4
Oxanium,0,1,0,1,1,0,1,1,1,1,0,1,0,0,0,0,8
Oxygen,0,1,0,0,1,0,0,0,1,0,0,0,0,0,1,0,9
Oxygen Mono,0,1,0,0,0,0,0,0,0,0,0,0,0,1,0,0,0
PT Mono,0,1,0,0,0,0,0,0,0,0,0,0,0,1,0,0,0
PT Sans,1,1,0,0,0,0,0,0,1,0,0,0,0,0,1,0,9
PT Sans Caption,0,1,0,0,0,0,0,0,1,0,0,0,0,0,1,0,9
PT Sans Narrow,0,1,0,0,0,0,0,0,1,0,0,0,0,0,1,0,9
PT Serif,1,1,0,0,0,0,0,0,1,0,0,0,0,0,0,1,4
PT Serif Caption,1,1,0,0,0,0,0,0,0,0,0,0,0,0,0,1,4
Pacifico,0,1,0,0,0,0,0,0,0,0,0,0,1,0,0,0,0
Padauk,0,1,0,0,0,0,0,0,1,0,0,0,0,0,1,0,9
Padyakke Expanded One,0,1,0,0,0,0,0,0,0,0,0,0,0,0,0,1,4
Palanquin,0,1,1,1,1,0,1,1,1,0,0,0,0,0,1,0,1
Palanquin Dark,0,1,0,0,0,0,1,1,1,0,0,0,0,0,1,0,5
Palette Mosaic,0,1,0,0,0,0,0,0,0,0,0,1,0,0,0,0,2
Pangolin,0,1,0,0,0,0,0,0,0,0,0,0,1,0,0,0,0
Paprika,0,1,0,0,0,0,0,0,0,0,0,1,0,0,0,0,2
Parastoo,0,1,0,0,0,0,1,1,1,0,0,0,0,0,0,1,6
Parisienne,0,1,0,0,0,0,0,0,0,0,0,0,1,0,0,0,0
Parkinsans,0,1,0,0,1,0,1,1,1,1,0,0,0,0,1,0,5
Passero One,0,1,0,0,0,0,0,0,0,0,0,1,0,0,0,0,2
Passion One,0,1,0,0,0,0,0,0,1,0,1,1,0,0,0,0,2
Passions Conflict,0,1,0,0,0,0,0,0,0,0,0,0,1,0,0,0,0
Pathway Extreme,1,1,1,1,1,0,1,1,1,1,1,0,0,0,1,0,1
Pathway Gothic One,0,1,0,0,0,0,0,0,0,0,0,0,0,0,1,0,3
Patrick Hand,0,1,0,0,0,0,0,0,0,0,0,0,1,0,0,0,0
Patrick Hand SC,0,1,0,0,0,0,0,0,0,0,0,0,1,0,0,0,0
Pattaya,0,1,0,0,0,0,0,0,0,0,0,0,0,0,1,0,3
Patua One,0,1,0,0,0,0,0,0,0,0,0,1,0,0,0,0,2
Pavanam,0,1,0,0,0,0,0,0,0,0,0,0,0,0,1,0,3
Paytone One,0,1,0,0,0,0,0,0,0,0,0,0,0,0,1,0,3
Peddana,0,1,0,0,0,0,0,0,0,0,0,0,0,0,0,1,4
Peralta,0,1,0,0,0,0,0,0,0,0,0,0,0,0,0,1,4
Permanent Marker,0,1,0,0,0,0,0,0,0,0,0,0,1,0,0,0,0
Petemoss,0,1,0,0,0,0,0,0,0,0,0,0,1,0,0,0,0
Petit Formal Script,0,1,0,0,0,0,0,0,0,0,0,0,1,0,0,0,0
Petrona,1,1,1,1,1,0,1,1,1,1,1,0,0,0,0,1,8
Phetsarath,0,1,0,0,0,0,0,0,1,0,0,0,0,0,1,0,9
Philosopher,1,1,0,0,0,0,0,0,1,0,0,0,0,0,1,0,9
Phudu,0,1,0,0,1,0,1,1,1,1,1,1,0,0,0,0,8
Piazzolla,1,1,1,1,1,0,1,1,1,1,1,0,0,0,0,1,8
Piedra,0,1,0,0,0,0,0,0,0,0,0,1,0,0,0,0,2
Pinyon Script,0,1,0,0,0,0,0,0,0,0,0,0,1,0,0,0,0
Pirata One,0,1,0,0,0,0,0,0,0,0,0,1,0,0,0,0,2
Pixelify Sans,0,1,0,0,0,0,1,1,1,0,0,1,0,0,0,0,6
Plaster,0,1,0,0,0,0,0,0,0,0,0,1,0,0,0,0,2
Platypi,1,1,0,0,1,0,1,1,1,1,0,0,0,0,0,1,6
Play,0,1,0,0,0,0,0,0,1,0,0,0,0,0,1,0,9
Playball,0,1,0,0,0,0,0,0,0,0,0,1,0,0,0,0,2
Playfair,1,1,0,0,1,0,1,1,1,1,1,0,0,0,0,1,8
Playfair Display,1,1,0,0,0,0,1,1,1,1,1,0,0,0,0,1,6
Playfair Display SC,1,1,0,0,0,0,0,0,1,0,1,0,0,0,0,1,4
Playpen Sans,0,1,1,1,1,0,1,1,1,1,0,0,1,0,0,0,8
Playpen Sans Arabic,0,1,1,1,1,0,1,1,1,1,0,0,1,0,0,0,8
Playpen Sans Deva,0,1,1,1,1,0,1,1,1,1,0,0,1,0,0,0,8
Playpen Sans Hebrew,0,1,1,1,1,0,1,1,1,1,0,0,1,0,0,0,8
Playpen Sans Thai,0,1,1,1,1,0,1,1,1,1,0,0,1,0,0,0,8
Playwrite AR,0,1,1,1,1,0,0,0,0,0,0,0,1,0,0,0,7
Playwrite AR Guides,0,1,0,0,0,0,0,0,0,0,0,0,1,0,0,0,0
Playwrite AT,1,1,1,1,1,0,0,0,0,0,0,0,1,0,0,0,7
Playwrite AT Guides,1,1,0,0,0,0,0,0,0,0,0,0,1,0,0,0,0
Playwrite AU NSW,0,1,1,1,1,0,0,0,0,0,0,0,1,0,0,0,7
Playwrite AU NSW Guides,0,1,0,0,0,0,0,0,0,0,0,0,1,0,0,0,0
Playwrite AU QLD,0,1,1,1,1,0,0,0,0,0,0,0,1,0,0,0,7
Playwrite AU QLD Guides,0,1,0,0,0,0,0,0,0,0,0,0,1,0,0,0,0
Playwrite AU SA,0,1,1,1,1,0,0,0,0,0,0,0,1,0,0,0,7
Playwrite AU SA Guides,0,1,0,0,0,0,0,0,0,0,0,0,1,0,0,0,0
Playwrite AU TAS,0,1,1,1,1,0,0,0,0,0,0,0,1,0,0,0,7
Playwrite AU TAS Guides,0,1,0,0,0,0,0,0,0,0,0,0,1,0,0,0,0
Playwrite AU VIC,0,1,1,1,1,0,0,0,0,0,0,0,1,0,0,0,7
Playwrite AU VIC Guides,0,1,0,0,0,0,0,0,0,0,0,0,1,0,0,0,0
Playwrite BE VLG,0,1,1,1,1,0,0,0,0,0,0,0,1,0,0,0,7
Playwrite BE VLG Guides,0,1,0,0,0,0,0,0,0,0,0,0,1,0,0,0,0
Playwrite BE WAL,0,1,1,1,1,0,0,0,0,0,0,0,1,0,0,0,7
Playwrite BE WAL Guides,0,1,0,0,0,0,0,0,0,0,0,0,1,0,0,0,0
Playwrite BR,0,1,1,1,1,0,0,0,0,0,0,0,1,0,0,0,7
Playwrite BR Guides,0,1,0,0,0,0,0,0,0,0,0,0,1,0,0,0,0
Playwrite CA,0,1,1,1,1,0,0,0,0,0,0,0,1,0,0,0,7
Playwrite CA Guides,0,1,0,0,0,0,0,0,0,0,0,0,1,0,0,0,0
Playwrite CL,0,1,1,1,1,0,0,0,0,0,0,0,1,0,0,0,7
Playwrite CL Guides,0,1,0,0,0,0,0,0,0,0,0,0,1,0,0,0,0
Playwrite CO,0,1,1,1,1,0,0,0,0,0,0,0,1,0,0,0,7
Playwrite CO Guides,0,1,0,0,0,0,0,0,0,0,0,0,1,0,0,0,0
Playwrite CU,0,1,1,1,1,0,0,0,0,0,0,0,1,0,0,0,7
Playwrite CU Guides,0,1,0,0,0,0,0,0,0,0,0,0,1,0,0,0,0
Playwrite CZ,0,1,1,1,1,0,0,0,0,0,0,0,1,0,0,0,7
Playwrite CZ Guides,0,1,0,0,0,0,0,0,0,0,0,0,1,0,0,0,0
Playwrite DE Grund,0,1,1,1,1,0,0,0,0,0,0,0,1,0,0,0,7
Playwrite DE Grund Guides,0,1,0,0,0,0,0,0,0,0,0,0,1,0,0,0,0
Playwrite DE LA,0,1,1,1,1,0,0,0,0,0,0,0,1,0,0,0,7
Playwrite DE LA Guides,0,1,0,0,0,0,0,0,0,0,0,0,1,0,0,0,0
Playwrite DE SAS,0,1,1,1,1,0,0,0,0,0,0,0,1,0,0,0,7
Playwrite DE SAS Guides,0,1,0,0,0,0,0,0,0,0,0,0,1,0,0,0,0
Playwrite DE VA,0,1,1,1,1,0,0,0,0,0,0,0,1,0,0,0,7
Playwrite DE VA Guides,0,1,0,0,0,0,0,0,0,0,0,0,1,0,0,0,0
Playwrite DK Loopet,0,1,1,1,1,0,0,0,0,0,0,0,1,0,0,0,7
Playwrite DK Loopet Guides,0,1,0,0,0,0,0,0,0,0,0,0,1,0,0,0,0
Playwrite DK Uloopet,0,1,1,1,1,0,0,0,0,0,0,0,1,0,0,0,7
Playwrite DK Uloopet Guides,0,1,0,0,0,0,0,0,0,0,0,0,1,0,0,0,0
Playwrite ES,0,1,1,1,1,0,0,0,0,0,0,0,1,0,0,0,7
Playwrite ES Deco,0,1,1,1,1,0,0,0,0,0,0,0,1,0,0,0,7
Playwrite ES Deco Guides,0,1,0,0,0,0,0,0,0,0,0,0,1,0,0,0,0
Playwrite ES Guides,0,1,0,0,0,0,0,0,0,0,0,0,1,0,0,0,0
Playwrite FR Moderne,0,1,1,1,1,0,0,0,0,0,0,0,1,0,0,0,7
Playwrite FR Moderne Guides,0,1,0,0,0,0,0,0,0,0,0,0,1,0,0,0,0
Playwrite FR Trad,0,1,1,1,1,0,0,0,0,0,0,0,1,0,0,0,7
Playwrite FR Trad Guides,0,1,0,0,0,0,0,0,0,0,0,0,1,0,0,0,0
Playwrite GB J,1,1,1,1,1,0,0,0,0,0,0,0,1,0,0,0,7
Playwrite GB J Guides,1,1,0,0,0,0,0,0,0,0,0,0,1,0,0,0,0
Playwrite GB S,1,1,1,1,1,0,0,0,0,0,0,0,1,0,0,0,7
Playwrite GB S Guides,1,1,0,0,0,0,0,0,0,0,0,0,1,0,0,0,0
Playwrite HR,0,1,1,1,1,0,0,0,0,0,0,0,1,0,0,0,7
Playwrite HR Guides,0,1,0,0,0,0,0,0,0,0,0,0,1,0,0,0,0
Playwrite HR Lijeva,0,1,1,1,1,0,0,0,0,0,0,0,1,0,0,0,7
Playwrite HR Lijeva Guides,0,1,0,0,0,0,0,0,0,0,0,0,1,0,0,0,0
Playwrite HU,0,1,1,1,1,0,0,0,0,0,0,0,1,0,0,0,7
Playwrite HU Guides,0,1,0,0,0,0,0,0,0,0,0,0,1,0,0,0,0
Playwrite ID,0,1,1,1,1,0,0,0,0,0,0,0,1,0,0,0,7
Playwrite ID Guides,0,1,0,0,0,0,0,0,0,0,0,0,1,0,0,0,0
Playwrite IE,0,1,1,1,1,0,0,0,0,0,0,0,1,0,0,0,7
Playwrite IE Guides,0,1,0,0,0,0,0,0,0,0,0,0,1,0,0,0,0
Playwrite IN,0,1,1,1,1,0,0,0,0,0,0,0,1,0,0,0,7
Playwrite IN Guides,0,1,0,0,0,0,0,0,0,0,0,0,1,0,0,0,0
Playwrite IS,0,1,1,1,1,0,0,0,0,0,0,0,1,0,0,0,7
Playwrite IS Guides,0,1,0,0,0,0,0,0,0,0,0,0,1,0,0,0,0
Playwrite IT Moderna,0,1,1,1,1,0,0,0,0,0,0,0,1,0,0,0,7
Playwrite IT Moderna Guides,0,1,0,0,0,0,0,0,0,0,0,0,1,0,0,0,0
Playwrite IT Trad,0,1,1,1,1,0,0,0,0,0,0,0,1,0,0,0,7
Playwrite IT Trad Guides,0,1,0,0,0,0,0,0,0,0,0,0,1,0,0,0,0
Playwrite MX,0,1,1,1,1,0,0,0,0,0,0,0,1,0,0,0,7
Playwrite MX Guides,0,1,0,0,0,0,0,0,0,0,0,0,1,0,0,0,0
Playwrite NG Modern,0,1,1,1,1,0,0,0,0,0,0,0,1,0,0,0,7
Playwrite NG Modern Guides,0,1,0,0,0,0,0,0,0,0,0,0,1,0,0,0,0
Playwrite NL,0,1,1,1,1,0,0,0,0,0,0,0,1,0,0,0,7
Playwrite NL Guides,0,1,0,0,0,0,0,0,0,0,0,0,1,0,0,0,0
Playwrite NO,0,1,1,1,1,0,0,0,0,0,0,0,1,0,0,0,7
Playwrite NO Guides,0,1,0,0,0,0,0,0,0,0,0,0,1,0,0,0,0
Playwrite NZ,0,1,1,1,1,0,0,0,0,0,0,0,1,0,0,0,7
Playwrite NZ Guides,0,1,0,0,0,0,0,0,0,0,0,0,1,0,0,0,0
Playwrite PE,0,1,1,1,1,0,0,0,0,0,0,0,1,0,0,0,7
Playwrite PE Guides,0,1,0,0,0,0,0,0,0,0,0,0,1,0,0,0,0
Playwrite PL,0,1,1,1,1,0,0,0,0,0,0,0,1,0,0,0,7
Playwrite PL Guides,0,1,0,0,0,0,0,0,0,0,0,0,1,0,0,0,0
Playwrite PT,0,1,1,1,1,0,0,0,0,0,0,0,1,0,0,0,7
Playwrite PT Guides,0,1,0,0,0,0,0,0,0,0,0,0,1,0,0,0,0
Playwrite RO,0,1,1,1,1,0,0,0,0,0,0,0,1,0,0,0,7
Playwrite RO Guides,0,1,0,0,0,0,0,0,0,0,0,0,1,0,0,0,0
Playwrite SK,0,1,1,1,1,0,0,0,0,0,0,0,1,0,0,0,7
Playwrite SK Guides,0,1,0,0,0,0,0,0,0,0,0,0,1,0,0,0,0
Playwrite TZ,0,1,1,1,1,0,0,0,0,0,0,0,1,0,0,0,7
Playwrite TZ Guides,0,1,0,0,0,0,0,0,0,0,0,0,1,0,0,0,0
Playwrite US Modern,0,1,1,1,1,0,0,0,0,0,0,0,1,0,0,0,7
Playwrite US Modern Guides,0,1,0,0,0,0,0,0,0,0,0,0,1,0,0,0,0
Playwrite US Trad,0,1,1,1,1,0,0,0,0,0,0,0,1,0,0,0,7
Playwrite US Trad Guides,0,1,0,0,0,0,0,0,0,0,0,0,1,0,0,0,0
Playwrite VN,0,1,1,1,1,0,0,0,0,0,0,0,1,0,0,0,7
Playwrite VN Guides,0,1,0,0,0,0,0,0,0,0,0,0,1,0,0,0,0
Playwrite ZA,0,1,1,1,1,0,0,0,0,0,0,0,1,0,0,0,7
Playwrite ZA Guides,0,1,0,0,0,0,0,0,0,0,0,0,1,0,0,0,0
Plus Jakarta Sans,1,1,0,1,1,0,1,1,1,1,0,0,0,0,1,0,1
Pochaevsk,0,1,0,0,0,0,0,0,0,0,0,1,0,0,0,0,2
Podkova,0,1,0,0,0,0,1,1,1,1,0,0,0,0,0,1,6
Poetsen One,0,1,0,0,0,0,0,0,0,0,0,1,0,0,0,0,2
Poiret One,0,1,0,0,0,0,0,0,0,0,0,1,0,0,0,0,2
Poller One,0,1,0,0,0,0,0,0,0,0,0,1,0,0,0,0,2
Poltawski Nowy,1,1,0,0,0,0,1,1,1,0,0,0,0,0,0,1,6
Poly,1,1,0,0,0,0,0,0,0,0,0,0,0,0,0,1,4
Pompiere,0,1,0,0,0,0,0,0,0,0,0,1,0,0,0,0,2
Ponnala,0,1,0,0,0,0,0,0,0,0,0,1,0,0,0,0,2
Ponomar,0,1,0,0,0,0,0,0,0,0,0,1,0,0,0,0,2
Pontano Sans,0,1,0,0,1,0,1,1,1,0,0,0,0,0,1,0,5
Poor Story,0,1,0,0,0,0,0,0,0,0,0,1,0,0,0,0,2
Poppins,1,1,1,1,1,0,1,1,1,1,1,0,0,0,1,0,1
Port Lligat Sans,0,1,0,0,0,0,0,0,0,0,0,0,0,0,1,0,3
Port Lligat Slab,0,1,0,0,0,0,0,0,0,0,0,0,0,0,0,1,4
Potta One,0,1,0,0,0,0,0,0,0,0,0,1,0,0,0,0,2
Pragati Narrow,0,1,0,0,0,0,0,0,1,0,0,0,0,0,1,0,9
Praise,0,1,0,0,0,0,0,0,0,0,0,0,1,0,0,0,0
Prata,0,1,0,0,0,0,0,0,0,0,0,0,0,0,0,1,4
Preahvihear,0,1,0,0,0,0,0,0,0,0,0,0,0,0,1,0,3
Press Start 2P,0,1,0,0,0,0,0,0,0,0,0,1,0,0,0,0,2
Pridi,0,1,0,1,1,0,1,1,1,0,0,0,0,0,0,1,6
Princess Sofia,0,1,0,0,0,0,0,0,0,0,0,0,1,0,0,0,0
Prociono,0,1,0,0,0,0,0,0,0,0,0,0,0,0,0,1,4
Prompt,1,1,1,1,1,0,1,1,1,1,1,0,0,0,1,0,1
Prosto One,0,1,0,0,0,0,0,0,0,0,0,1,0,0,0,0,2
Protest Guerrilla,0,1,0,0,0,0,0,0,0,0,0,1,0,0,0,0,2
Protest Revolution,0,1,0,0,0,0,0,0,0,0,0,1,0,0,0,0,2
Protest Riot,0,1,0,0,0,0,0,0,0,0,0,1,0,0,0,0,2
Protest Strike,0,1,0,0,0,0,0,0,0,0,0,1,0,0,0,0,2
Proza Libre,1,1,0,0,0,0,1,1,1,1,0,0,0,0,1,0,5
Public Sans,1,1,1,1,1,0,1,1,1,1,1,0,0,0,1,0,1
Puppies Play,0,1,0,0,0,0,0,0,0,0,0,0,1,0,0,0,0
Puritan,1,1,0,0,0,0,0,0,1,0,0,0,0,0,1,0,9
Purple Purse,0,1,0,0,0,0,0,0,0,0,0,1,0,0,0,0,2
Qahiri,0,1,0,0,0,0,0,0,0,0,0,0,0,0,1,0,3
Quando,0,1,0,0,0,0,0,0,0,0,0,0,0,0,0,1,4
Quantico,1,1,0,0,0,0,0,0,1,0,0,0,0,0,1,0,9
Quattrocento,0,1,0,0,0,0,0,0,1,0,0,0,0,0,0,1,4
Quattrocento Sans,1,1,0,0,0,0,0,0,1,0,0,0,0,0,1,0,9
Questrial,0,1,0,0,0,0,0,0,0,0,0,0,0,0,1,0,3
Quicksand,0,1,0,0,1,0,1,1,1,0,0,0,0,0,1,0,5
Quintessential,0,1,0,0,0,0,0,0,0,0,0,0,1,0,0,0,0
Qwigley,0,1,0,0,0,0,0,0,0,0,0,0,1,0,0,0,0
Qwitcher Grypen,0,1,0,0,0,0,0,0,1,0,0,0,1,0,0,0,0
REM,1,1,1,1,1,0,1,1,1,1,1,0,0,0,1,0,1
Racing Sans One,0,1,0,0,0,0,0,0,0,0,0,1,0,0,0,0,2
Radio Canada,1,1,0,0,1,0,1,1,1,0,0,0,0,0,1,0,5
Radio Canada Big,1,1,0,0,0,0,1,1,1,0,0,0,0,0,1,0,5
Radley,1,1,0,0,0,0,0,0,0,0,0,0,0,0,0,1,4
Rajdhani,0,1,0,0,1,0,1,1,1,0,0,0,0,0,1,0,5
Rakkas,0,1,0,0,0,0,0,0,0,0,0,1,0,0,0,0,2
Raleway,1,1,1,1,1,0,1,1,1,1,1,0,0,0,1,0,1
Raleway Dots,0,1,0,0,0,0,0,0,0,0,0,1,0,0,0,0,2
Ramabhadra,0,1,0,0,0,0,0,0,0,0,0,0,0,0,1,0,3
Ramaraja,0,1,0,0,0,0,0,0,0,0,0,0,0,0,0,1,4
Rambla,1,1,0,0,0,0,0,0,1,0,0,0,0,0,1,0,9
Rammetto One,0,1,0,0,0,0,0,0,0,0,0,1,0,0,0,0,2
Rampart One,0,1,0,0,0,0,0,0,0,0,0,1,0,0,0,0,2
Ranchers,0,1,0,0,0,0,0,0,0,0,0,1,0,0,0,0,2
Rancho,0,1,0,0,0,0,0,0,0,0,0,0,1,0,0,0,0
Ranga,0,1,0,0,0,0,0,0,1,0,0,1,0,0,0,0,2
Rasa,1,1,0,0,1,0,1,1,1,0,0,0,0,0,0,1,6
Rationale,0,1,0,0,0,0,0,0,0,0,0,0,0,0,1,0,3
Ravi Prakash,0,1,0,0,0,0,0,0,0,0,0,1,0,0,0,0,2
Readex Pro,0,1,0,1,1,0,1,1,1,0,0,0,0,0,1,0,5
Recursive,0,1,0,0,1,0,1,1,1,1,1,0,0,0,1,0,1
Red Hat Display,1,1,0,0,1,0,1,1,1,1,1,0,0,0,1,0,1
Red Hat Mono,1,1,0,0,1,0,1,1,1,0,0,0,0,1,0,0,5
Red Hat Text,1,1,0,0,1,0,1,1,1,0,0,0,0,0,1,0,5
Red Rose,0,1,0,0,1,0,1,1,1,0,0,1,0,0,0,0,5
Redacted,0,1,0,0,0,0,0,0,0,0,0,1,0,0,0,0,2
Redacted Script,0,1,0,0,1,0,0,0,1,0,0,1,0,0,0,0,2
Reddit Mono,0,1,0,1,1,0,1,1,1,1,1,0,0,1,0,0,8
Reddit Sans,1,1,0,1,1,0,1,1,1,1,1,0,0,0,1,0,1
Reddit Sans Condensed,0,1,0,1,1,0,1,1,1,1,1,0,0,0,1,0,1
Redressed,0,1,0,0,0,0,0,0,0,0,0,0,1,0,0,0,0
Reem Kufi,0,1,0,0,0,0,1,1,1,0,0,0,0,0,1,0,5
Reem Kufi Fun,0,1,0,0,0,0,1,1,1,0,0,0,0,0,1,0,5
Reem Kufi Ink,0,1,0,0,0,0,0,0,0,0,0,0,0,0,1,0,3
Reenie Beanie,0,1,0,0,0,0,0,0,0,0,0,0,1,0,0,0,0
Reggae One,0,1,0,0,0,0,0,0,0,0,0,1,0,0,0,0,2
Rethink Sans,1,1,0,0,0,0,1,1,1,1,0,0,0,0,1,0,5
Revalia,0,1,0,0,0,0,0,0,0,0,0,1,0,0,0,0,2
Rhodium Libre,0,1,0,0,0,0,0,0,0,0,0,0,0,0,0,1,4
Ribeye,0,1,0,0,0,0,0,0,0,0,0,1,0,0,0,0,2
Ribeye Marrow,0,1,0,0,0,0,0,0,0,0,0,1,0,0,0,0,2
Righteous,0,1,0,0,0,0,0,0,0,0,0,1,0,0,0,0,2
Risque,0,1,0,0,0,0,0,0,0,0,0,1,0,0,0,0,2
Road Rage,0,1,0,0,0,0,0,0,0,0,0,1,0,0,0,0,2
Roboto,1,1,1,1,1,0,1,1,1,1,1,0,0,0,1,0,1
Roboto Condensed,1,1,1,1,1,0,1,1,1,1,1,0,0,0,1,0,1
Roboto Flex,0,1,0,0,0,0,0,0,0,0,0,0,0,0,1,0,3
Roboto Mono,1,1,1,1,1,0,1,1,1,0,0,0,0,1,0,0,8
Roboto Serif,1,1,1,1,1,0,1,1,1,1,1,0,0,0,0,1,8
Roboto Slab,0,1,1,1,1,0,1,1,1,1,1,0,0,0,0,1,8
Rochester,0,1,0,0,0,0,0,0,0,0,0,0,1,0,0,0,0
Rock 3D,0,1,0,0,0,0,0,0,0,0,0,1,0,0,0,0,2
Rock Salt,0,1,0,0,0,0,0,0,0,0,0,0,1,0,0,0,0
RocknRoll One,0,1,0,0,0,0,0,0,0,0,0,0,0,0,1,0,3
Rokkitt,1,1,1,1,1,0,1,1,1,1,1,0,0,0,0,1,8
Romanesco,0,1,0,0,0,0,0,0,0,0,0,0,1,0,0,0,0
Ropa Sans,1,1,0,0,0,0,0,0,0,0,0,0,0,0,1,0,3
Rosario,1,1,0,0,1,0,1,1,1,0,0,0,0,0,1,0,5
Rosarivo,1,1,0,0,0,0,0,0,0,0,0,0,0,0,0,1,4
Rouge Script,0,1,0,0,0,0,0,0,0,0,0,0,1,0,0,0,0
Rowdies,0,1,0,0,1,0,0,0,1,0,0,1,0,0,0,0,2
Rozha One,0,1,0,0,0,0,0,0,0,0,0,0,0,0,0,1,4
Rubik,1,1,0,0,1,0,1,1,1,1,1,0,0,0,1,0,1
Rubik 80s Fade,0,1,0,0,0,0,0,0,0,0,0,1,0,0,0,0,2
Rubik Beastly,0,1,0,0,0,0,0,0,0,0,0,1,0,0,0,0,2
Rubik Broken Fax,0,1,0,0,0,0,0,0,0,0,0,1,0,0,0,0,2
Rubik Bubbles,0,1,0,0,0,0,0,0,0,0,0,1,0,0,0,0,2
Rubik Burned,0,1,0,0,0,0,0,0,0,0,0,1,0,0,0,0,2
Rubik Dirt,0,1,0,0,0,0,0,0,0,0,0,1,0,0,0,0,2
Rubik Distressed,0,1,0,0,0,0,0,0,0,0,0,1,0,0,0,0,2
Rubik Doodle Shadow,0,1,0,0,0,0,0,0,0,0,0,1,0,0,0,0,2
Rubik Doodle Triangles,0,1,0,0,0,0,0,0,0,0,0,1,0,0,0,0,2
Rubik Gemstones,0,1,0,0,0,0,0,0,0,0,0,1,0,0,0,0,2
Rubik Glitch,0,1,0,0,0,0,0,0,0,0,0,1,0,0,0,0,2
Rubik Glitch Pop,0,1,0,0,0,0,0,0,0,0,0,1,0,0,0,0,2
Rubik Iso,0,1,0,0,0,0,0,0,0,0,0,1,0,0,0,0,2
Rubik Lines,0,1,0,0,0,0,0,0,0,0,0,1,0,0,0,0,2
Rubik Maps,0,1,0,0,0,0,0,0,0,0,0,1,0,0,0,0,2
Rubik Marker Hatch,0,1,0,0,0,0,0,0,0,0,0,1,0,0,0,0,2
Rubik Maze,0,1,0,0,0,0,0,0,0,0,0,1,0,0,0,0,2
Rubik Microbe,0,1,0,0,0,0,0,0,0,0,0,1,0,0,0,0,2
Rubik Mono One,0,1,0,0,0,0,0,0,0,0,0,0,0,0,1,0,3
Rubik Moonrocks,0,1,0,0,0,0,0,0,0,0,0,1,0,0,0,0,2
Rubik Pixels,0,1,0,0,0,0,0,0,0,0,0,1,0,0,0,0,2
Rubik Puddles,0,1,0,0,0,0,0,0,0,0,0,1,0,0,0,0,2
Rubik Scribble,0,1,0,0,0,0,0,0,0,0,0,1,0,0,0,0,2
Rubik Spray Paint,0,1,0,0,0,0,0,0,0,0,0,1,0,0,0,0,2
Rubik Storm,0,1,0,0,0,0,0,0,0,0,0,1,0,0,0,0,2
Rubik Vinyl,0,1,0,0,0,0,0,0,0,0,0,1,0,0,0,0,2
Rubik Wet Paint,0,1,0,0,0,0,0,0,0,0,0,1,0,0,0,0,2
Ruda,0,1,0,0,0,0,1,1,1,1,1,0,0,0,1,0,5
Rufina,0,1,0,0,0,0,0,0,1,0,0,0,0,0,0,1,4
Ruge Boogie,0,1,0,0,0,0,0,0,0,0,0,0,1,0,0,0,0
Ruluko,0,1,0,0,0,0,0,0,0,0,0,0,0,0,1,0,3
Rum Raisin,0,1,0,0,0,0,0,0,0,0,0,0,0,0,1,0,3
Ruslan Display,0,1,0,0,0,0,0,0,0,0,0,1,0,0,0,0,2
Russo One,0,1,0,0,0,0,0,0,0,0,0,0,0,0,1,0,3
Ruthie,0,1,0,0,0,0,0,0,0,0,0,0,1,0,0,0,0
Ruwudu,0,1,0,0,0,0,1,1,1,0,0,0,0,0,0,1,6
Rye,0,1,0,0,0,0,0,0,0,0,0,1,0,0,0,0,2
STIX Two Text,1,1,0,0,0,0,1,1,1,0,0,0,0,0,0,1,6
SUSE,1,1,1,1,1,0,1,1,1,1,1,0,0,0,1,0,1
SUSE Mono,1,1,1,1,1,0,1,1,1,1,0,0,0,0,1,0,1
Sacramento,0,1,0,0,0,0,0,0,0,0,0,0,1,0,0,0,0
Sahitya,0,1,0,0,0,0,0,0,1,0,0,0,0,0,0,1,4
Sail,0,1,0,0,0,0,0,0,0,0,0,1,0,0,0,0,2
Saira,1,1,1,1,1,0,1,1,1,1,1,0,0,0,1,0,1
Saira Condensed,0,1,1,1,1,0,1,1,1,1,1,0,0,0,1,0,1
Saira Extra Condensed,0,1,1,1,1,0,1,1,1,1,1,0,0,0,1,0,1
Saira Semi Condensed,0,1,1,1,1,0,1,1,1,1,1,0,0,0,1,0,1
Saira Stencil One,0,1,0,0,0,0,0,0,0,0,0,1,0,0,0,0,2
Salsa,0,1,0,0,0,0,0,0,0,0,0,1,0,0,0,0,2
Sanchez,1,1,0,0,0,0,0,0,0,0,0,0,0,0,0,1,4
Sancreek,0,1,0,0,0,0,0,0,0,0,0,1,0,0,0,0,2
Sankofa Display,0,1,0,0,0,0,0,0,0,0,0,0,0,0,1,0,3
Sansation,1,1,0,0,1,0,0,0,1,0,0,0,0,0,1,0,9
Sansita,1,1,0,0,0,0,0,0,1,1,1,0,0,0,1,0,9
Sansita Swashed,0,1,0,0,1,0,1,1,1,1,1,1,0,0,0,0,8
Sarabun,1,1,1,1,1,0,1,1,1,1,0,0,0,0,1,0,1
Sarala,0,1,0,0,0,0,0,0,1,0,0,0,0,0,1,0,9
Sarina,0,1,0,0,0,0,0,0,0,0,0,1,0,0,0,0,2
Sarpanch,0,1,0,0,0,0,1,1,1,1,1,0,0,0,1,0,5
Sassy Frass,0,1,0,0,0,0,0,0,0,0,0,0,1,0,0,0,0
Satisfy,0,1,0,0,0,0,0,0,0,0,0,0,1,0,0,0,0
Savate,1,1,0,1,1,0,1,1,1,1,1,0,0,0,1,0,1
Sawarabi Gothic,0,1,0,0,0,0,0,0,0,0,0,0,0,0,1,0,3
Sawarabi Mincho,0,1,0,0,0,0,0,0,0,0,0,0,0,0,0,1,4
Scada,1,1,0,0,0,0,0,0,1,0,0,0,0,0,1,0,9
Scheherazade New,0,1,0,0,0,0,1,1,1,0,0,0,0,0,0,1,6
Schibsted Grotesk,1,1,0,0,0,0,1,1,1,1,1,0,0,0,1,0,5
Schoolbell,0,1,0,0,0,0,0,0,0,0,0,0,1,0,0,0,0
Scope One,0,1,0,0,0,0,0,0,0,0,0,0,0,0,0,1,4
Seaweed Script,0,1,0,0,0,0,0,0,0,0,0,1,0,0,0,0,2
Secular One,0,1,0,0,0,0,0,0,0,0,0,0,0,0,1,0,3
Sedan,1,1,0,0,0,0,0,0,0,0,0,0,0,0,0,1,4
Sedan SC,0,1,0,0,0,0,0,0,0,0,0,0,0,0,0,1,4
Sedgwick Ave,0,1,0,0,0,0,0,0,0,0,0,0,1,0,0,0,0
Sedgwick Ave Display,0,1,0,0,0,0,0,0,0,0,0,0,1,0,0,0,0
Sen,0,1,0,0,0,0,1,1,1,1,0,0,0,0,1,0,5
Send Flowers,0,1,0,0,0,0,0,0,0,0,0,0,1,0,0,0,0
Sevillana,0,1,0,0,0,0,0,0,0,0,0,1,0,0,0,0,2
Seymour One,0,1,0,0,0,0,0,0,0,0,0,0,0,0,1,0,3
Shadows Into Light,0,1,0,0,0,0,0,0,0,0,0,0,1,0,0,0,0
Shadows Into Light Two,0,1,0,0,0,0,0,0,0,0,0,0,1,0,0,0,0
Shafarik,0,1,0,0,0,0,0,0,0,0,0,1,0,0,0,0,2
Shalimar,0,1,0,0,0,0,0,0,0,0,0,0,1,0,0,0,0
Shantell Sans,1,1,0,0,1,0,1,1,1,1,0,1,0,0,0,0,6
Shanti,0,1,0,0,0,0,0,0,0,0,0,0,0,0,1,0,3
Share,1,1,0,0,0,0,0,0,1,0,0,0,0,0,1,0,9
Share Tech,0,1,0,0,0,0,0,0,0,0,0,0,0,0,1,0,3
Share Tech Mono,0,1,0,0,0,0,0,0,0,0,0,0,0,1,0,0,0
Shippori Antique,0,1,0,0,0,0,0,0,0,0,0,0,0,0,1,0,3
Shippori Antique B1,0,1,0,0,0,0,0,0,0,0,0,0,0,0,1,0,3
Shippori Mincho,0,1,0,0,0,0,1,1,1,1,0,0,0,0,0,1,6
Shippori Mincho B1,0,1,0,0,0,0,1,1,1,1,0,0,0,0,0,1,6
Shizuru,0,1,0,0,0,0,0,0,0,0,0,1,0,0,0,0,2
Shojumaru,0,1,0,0,0,0,0,0,0,0,0,1,0,0,0,0,2
Short Stack,0,1,0,0,0,0,0,0,0,0,0,0,1,0,0,0,0
Shrikhand,0,1,0,0,0,0,0,0,0,0,0,1,0,0,0,0,2
Siemreap,0,1,0,0,0,0,0,0,0,0,0,0,0,0,1,0,3
Sigmar,0,1,0,0,0,0,0,0,0,0,0,1,0,0,0,0,2
Sigmar One,0,1,0,0,0,0,0,0,0,0,0,1,0,0,0,0,2
Signika,0,1,0,0,1,0,1,1,1,0,0,0,0,0,1,0,5
Signika Negative,0,1,0,0,1,0,1,1,1,0,0,0,0,0,1,0,5
Silkscreen,0,1,0,0,0,0,0,0,1,0,0,1,0,0,0,0,2
Simonetta,1,1,0,0,0,0,0,0,0,0,1,1,0,0,0,0,2
Single Day,0,1,0,0,0,0,0,0,0,0,0,1,0,0,0,0,2
Sintony,0,1,0,0,0,0,0,0,1,0,0,0,0,0,1,0,9
Sirin Stencil,0,1,0,0,0,0,0,0,0,0,0,1,0,0,0,0,2
Sirivennela,0,1,0,0,0,0,0,0,0,0,0,0,0,0,1,0,3
Six Caps,0,1,0,0,0,0,0,0,0,0,0,0,0,0,1,0,3
Sixtyfour,0,1,0,0,0,0,0,0,0,0,0,0,0,1,0,0,0
Sixtyfour Convergence,0,1,0,0,0,0,0,0,0,0,0,0,0,1,0,0,0
Skranji,0,1,0,0,0,0,0,0,1,0,0,1,0,0,0,0,2
Slabo 13px,0,1,0,0,0,0,0,0,0,0,0,0,0,0,0,1,4
Slabo 27px,0,1,0,0,0,0,0,0,0,0,0,0,0,0,0,1,4
Slackey,0,1,0,0,0,0,0,0,0,0,0,1,0,0,0,0,2
Slackside One,0,1,0,0,0,0,0,0,0,0,0,0,1,0,0,0,0
Smokum,0,1,0,0,0,0,0,0,0,0,0,1,0,0,0,0,2
Smooch,0,1,0,0,0,0,0,0,0,0,0,0,1,0,0,0,0
Smooch Sans,0,1,1,1,1,0,1,1,1,1,1,0,0,0,1,0,1
Smythe,0,1,0,0,0,0,0,0,0,0,0,1,0,0,0,0,2
Sniglet,0,1,0,0,0,0,0,0,0,1,0,1,0,0,0,0,2
Snippet,0,1,0,0,0,0,0,0,0,0,0,0,0,0,1,0,3
Snowburst One,0,1,0,0,0,0,0,0,0,0,0,1,0,0,0,0,2
Sofadi One,0,1,0,0,0,0,0,0,0,0,0,1,0,0,0,0,2
Sofia,0,1,0,0,0,0,0,0,0,0,0,0,1,0,0,0,0
Sofia Sans,1,1,1,1,1,0,1,1,1,1,1,0,0,0,1,0,1
Sofia Sans Condensed,1,1,1,1,1,0,1,1,1,1,1,0,0,0,1,0,1
Sofia Sans Extra Condensed,1,1,1,1,1,0,1,1,1,1,1,0,0,0,1,0,1
Sofia Sans Semi Condensed,1,1,1,1,1,0,1,1,1,1,1,0,0,0,1,0,1
Solitreo,0,1,0,0,0,0,0,0,0,0,0,0,1,0,0,0,0
Solway,0,1,0,0,1,0,1,0,1,1,0,0,0,0,0,1,6
Sometype Mono,1,1,0,0,0,0,1,1,1,0,0,0,0,1,0,0,6
Song Myung,0,1,0,0,0,0,0,0,0,0,0,0,0,0,0,1,4
Sono,0,1,0,1,1,0,1,1,1,1,0,0,0,0,1,0,1
Sonsie One,0,1,0,0,0,0,0,0,0,0,0,1,0,0,0,0,2
Sora,0,1,1,1,1,0,1,1,1,1,0,0,0,0,1,0,1
Sorts Mill Goudy,1,1,0,0,0,0,0,0,0,0,0,0,0,0,0,1,4
Sour Gummy,1,1,1,1,1,0,1,1,1,1,1,0,0,0,1,0,1
Source Code Pro,1,1,0,1,1,0,1,1,1,1,1,0,0,1,0,0,8
Source Sans 3,1,1,0,1,1,0,1,1,1,1,1,0,0,0,1,0,1
Source Serif 4,1,1,0,1,1,0,1,1,1,1,1,0,0,0,0,1,8
Space Grotesk,0,1,0,0,1,0,1,1,1,0,0,0,0,0,1,0,5
Space Mono,1,1,0,0,0,0,0,0,1,0,0,0,0,1,0,0,9
Special Elite,0,1,0,0,0,0,0,0,0,0,0,1,0,0,0,0,2
Special Gothic,0,1,0,0,0,0,1,1,1,0,0,0,0,0,1,0,5
Special Gothic Condensed One,0,1,0,0,0,0,0,0,0,0,0,0,0,0,1,0,3
Special Gothic Expanded One,0,1,0,0,0,0,0,0,0,0,0,0,0,0,1,0,3
Spectral,1,1,0,1,1,0,1,1,1,1,0,0,0,0,0,1,8
Spectral SC,1,1,0,1,1,0,1,1,1,1,0,0,0,0,0,1,8
Spicy Rice,0,1,0,0,0,0,0,0,0,0,0,1,0,0,0,0,2
Spinnaker,0,1,0,0,0,0,0,0,0,0,0,0,0,0,1,0,3
Spirax,0,1,0,0,0,0,0,0,0,0,0,1,0,0,0,0,2
Splash,0,1,0,0,0,0,0,0,0,0,0,0,1,0,0,0,0
Spline Sans,0,1,0,0,1,0,1,1,1,0,0,0,0,0,1,0,5
Spline Sans Mono,1,1,0,0,1,0,1,1,1,0,0,0,0,1,0,0,5
Squada One,0,1,0,0,0,0,0,0,0,0,0,1,0,0,0,0,2
Square Peg,0,1,0,0,0,0,0,0,0,0,0,0,1,0,0,0,0
Sree Krushnadevaraya,0,1,0,0,0,0,0,0,0,0,0,0,0,0,0,1,4
Sriracha,0,1,0,0,0,0,0,0,0,0,0,0,1,0,0,0,0
Srisakdi,0,1,0,0,0,0,0,0,1,0,0,1,0,0,0,0,2
Staatliches,0,1,0,0,0,0,0,0,0,0,0,1,0,0,0,0,2
Stalemate,0,1,0,0,0,0,0,0,0,0,0,0,1,0,0,0,0
Stalinist One,0,1,0,0,0,0,0,0,0,0,0,1,0,0,0,0,2
Stardos Stencil,0,1,0,0,0,0,0,0,1,0,0,1,0,0,0,0,2
Stick,0,1,0,0,0,0,0,0,0,0,0,0,0,0,1,0,3
Stick No Bills,0,1,0,1,1,0,1,1,1,1,0,0,0,0,1,0,1
Stint Ultra Condensed,0,1,0,0,0,0,0,0,0,0,0,0,0,0,0,1,4
Stint Ultra Expanded,0,1,0,0,0,0,0,0,0,0,0,0,0,0,0,1,4
Stoke,0,1,0,0,1,0,0,0,0,0,0,0,0,0,0,1,4
Story Script,0,1,0,0,0,0,0,0,0,0,0,0,0,0,1,0,3
Strait,0,1,0,0,0,0,0,0,0,0,0,0,0,0,1,0,3
Style Script,0,1,0,0,0,0,0,0,0,0,0,0,1,0,0,0,0
Stylish,0,1,0,0,0,0,0,0,0,0,0,0,0,0,1,0,3
Sue Ellen Francisco,0,1,0,0,0,0,0,0,0,0,0,0,1,0,0,0,0
Suez One,0,1,0,0,0,0,0,0,0,0,0,0,0,0,0,1,4
Sulphur Point,0,1,0,0,1,0,0,0,1,0,0,0,0,0,1,0,9
Sumana,0,1,0,0,0,0,0,0,1,0,0,0,0,0,0,1,4
Sunflower,0,0,0,0,1,0,1,0,1,0,0,0,0,0,1,0,5
Sunshiney,0,1,0,0,0,0,0,0,0,0,0,0,1,0,0,0,0
Supermercado One,0,1,0,0,0,0,0,0,0,0,0,1,0,0,0,0,2
Sura,0,1,0,0,0,0,0,0,1,0,0,0,0,0,0,1,4
Suranna,0,1,0,0,0,0,0,0,0,0,0,0,0,0,0,1,4
Suravaram,0,1,0,0,0,0,0,0,0,0,0,0,0,0,0,1,4
Suwannaphum,0,1,1,0,1,0,0,0,1,0,1,0,0,0,0,1,4
Swanky and Moo Moo,0,1,0,0,0,0,0,0,0,0,0,0,1,0,0,0,0
Syncopate,0,1,0,0,0,0,0,0,1,0,0,0,0,0,1,0,9
Syne,0,1,0,0,0,0,1,1,1,1,0,0,0,0,1,0,5
Syne Mono,0,1,0,0,0,0,0,0,0,0,0,0,0,1,0,0,0
Syne Tactile,0,1,0,0,0,0,0,0,0,0,0,1,0,0,0,0,2
TASA Explorer,0,1,0,0,0,0,1,1,1,1,0,0,0,0,1,0,5
TASA Orbiter,0,1,0,0,0,0,1,1,1,1,0,0,0,0,1,0,5
Tac One,0,1,0,0,0,0,0,0,0,0,0,0,0,0,1,0,3
Tagesschrift,0,1,0,0,0,0,0,0,0,0,0,1,0,0,0,0,2
Tai Heritage Pro,0,1,0,0,0,0,0,0,1,0,0,0,0,0,0,1,4
Tajawal,0,1,0,1,1,0,1,0,1,1,1,0,0,0,1,0,1
Tangerine,0,1,0,0,0,0,0,0,1,0,0,0,1,0,0,0,0
Tapestry,0,1,0,0,0,0,0,0,0,0,0,0,1,0,0,0,0
Taprom,0,1,0,0,0,0,0,0,0,0,0,1,0,0,0,0,2
Tauri,0,1,0,0,0,0,0,0,0,0,0,0,0,0,1,0,3
Taviraj,1,1,1,1,1,0,1,1,1,1,1,0,0,0,0,1,8
Teachers,1,1,0,0,0,0,1,1,1,1,0,0,0,0,1,0,5
Teko,0,1,0,0,1,0,1,1,1,0,0,0,0,0,1,0,5
Tektur,0,1,0,0,0,0,1,1,1,1,1,1,0,0,0,0,6
Telex,0,1,0,0,0,0,0,0,0,0,0,0,0,0,1,0,3
Tenali Ramakrishna,0,1,0,0,0,0,0,0,0,0,0,0,0,0,1,0,3
Tenor Sans,0,1,0,0,0,0,0,0,0,0,0,0,0,0,1,0,3
Text Me One,0,1,0,0,0,0,0,0,0,0,0,0,0,0,1,0,3
Texturina,1,1,1,1,1,0,1,1,1,1,1,0,0,0,0,1,8
Thasadith,1,1,0,0,0,0,0,0,1,0,0,0,0,0,1,0,9
The Girl Next Door,0,1,0,0,0,0,0,0,0,0,0,0,1,0,0,0,0
The Nautigal,0,1,0,0,0,0,0,0,1,0,0,0,1,0,0,0,0
Tienne,0,1,0,0,0,0,0,0,1,0,1,0,0,0,0,1,4
TikTok Sans,0,1,0,0,1,0,1,1,1,1,1,0,0,0,1,0,1
Tillana,0,1,0,0,0,0,1,1,1,1,0,1,0,0,0,0,6
Tilt Neon,0,1,0,0,0,0,0,0,0,0,0,1,0,0,0,0,2
Tilt Prism,0,1,0,0,0,0,0,0,0,0,0,1,0,0,0,0,2
Tilt Warp,0,1,0,0,0,0,0,0,0,0,0,1,0,0,0,0,2
Timmana,0,1,0,0,0,0,0,0,0,0,0,0,0,0,1,0,3
Tinos,1,1,0,0,0,0,0,0,1,0,0,0,0,0,0,1,4
Tiny5,0,1,0,0,0,0,0,0,0,0,0,0,0,0,1,0,3
Tiro Bangla,1,1,0,0,0,0,0,0,0,0,0,0,0,0,0,1,4
Tiro Devanagari Hindi,1,1,0,0,0,0,0,0,0,0,0,0,0,0,0,1,4
Tiro Devanagari Marathi,1,1,0,0,0,0,0,0,0,0,0,0,0,0,0,1,4
Tiro Devanagari Sanskrit,1,1,0,0,0,0,0,0,0,0,0,0,0,0,0,1,4
Tiro Gurmukhi,1,1,0,0,0,0,0,0,0,0,0,0,0,0,0,1,4
Tiro Kannada,1,1,0,0,0,0,0,0,0,0,0,0,0,0,0,1,4
Tiro Tamil,1,1,0,0,0,0,0,0,0,0,0,0,0,0,0,1,4
Tiro Telugu,1,1,0,0,0,0,0,0,0,0,0,0,0,0,0,1,4
Tirra,0,1,0,0,0,0,1,1,1,1,1,0,0,0,1,0,5
Titan One,0,1,0,0,0,0,0,0,0,0,0,1,0,0,0,0,2
Titillium Web,1,1,0,1,1,0,0,1,1,0,1,0,0,0,1,0,1
Tomorrow,1,1,1,1,1,0,1,1,1,1,1,0,0,0,1,0,1
Tourney,1,1,1,1,1,0,1,1,1,1,1,1,0,0,0,0,8
Trade Winds,0,1,0,0,0,0,0,0,0,0,0,1,0,0,0,0,2
Train One,0,1,0,0,0,0,0,0,0,0,0,1,0,0,0,0,2
Triodion,0,1,0,0,0,0,0,0,0,0,0,1,0,0,0,0,2
Trirong,1,1,1,1,1,0,1,1,1,1,1,0,0,0,0,1,8
Trispace,0,1,1,1,1,0,1,1,1,1,0,0,0,0,1,0,1
Trocchi,0,1,0,0,0,0,0,0,0,0,0,0,0,0,0,1,4
Trochut,1,1,0,0,0,0,0,0,1,0,0,1,0,0,0,0,9
Truculenta,0,1,1,1,1,0,1,1,1,1,1,0,0,0,1,0,1
Trykker,0,1,0,0,0,0,0,0,0,0,0,0,0,0,0,1,4
Tsukimi Rounded,0,1,0,0,1,0,1,1,1,0,0,0,0,0,1,0,5
Tuffy,1,1,0,0,0,0,0,0,1,0,0,0,0,0,1,0,9
Tulpen One,0,1,0,0,0,0,0,0,0,0,0,1,0,0,0,0,2
Turret Road,0,1,0,1,1,0,1,0,1,1,0,1,0,0,0,0,8
Twinkle Star,0,1,0,0,0,0,0,0,0,0,0,0,1,0,0,0,0
Ubuntu,1,1,0,0,1,0,1,0,1,0,0,0,0,0,1,0,9
Ubuntu Condensed,0,1,0,0,0,0,0,0,0,0,0,0,0,0,1,0,3
Ubuntu Mono,1,1,0,0,0,0,0,0,1,0,0,0,0,1,0,0,9
Ubuntu Sans,1,1,1,1,1,0,1,1,1,1,0,0,0,0,1,0,1
Ubuntu Sans Mono,1,1,0,0,0,0,1,1,1,0,0,0,0,1,0,0,6
Uchen,0,1,0,0,0,0,0,0,0,0,0,0,0,0,0,1,4
Ultra,0,1,0,0,0,0,0,0,0,0,0,0,0,0,0,1,4
Unbounded,0,1,0,1,1,0,1,1,1,1,1,0,0,0,1,0,1
Uncial Antiqua,0,1,0,0,0,0,0,0,0,0,0,1,0,0,0,0,2
Underdog,0,1,0,0,0,0,0,0,0,0,0,1,0,0,0,0,2
Unica One,0,1,0,0,0,0,0,0,0,0,0,1,0,0,0,0,2
UnifrakturCook,0,0,0,0,0,0,0,0,1,0,0,1,0,0,0,0,2
UnifrakturMaguntia,0,1,0,0,0,0,0,0,0,0,0,1,0,0,0,0,2
Unkempt,0,1,0,0,0,0,0,0,1,0,0,1,0,0,0,0,2
Unlock,0,1,0,0,0,0,0,0,0,0,0,1,0,0,0,0,2
Unna,1,1,0,0,0,0,0,0,1,0,0,0,0,0,0,1,4
UoqMunThenKhung,0,1,0,0,0,0,0,0,0,0,0,0,0,0,0,1,4
Updock,0,1,0,0,0,0,0,0,0,0,0,0,1,0,0,0,0
Urbanist,1,1,1,1,1,0,1,1,1,1,1,0,0,0,1,0,1
VT323,0,1,0,0,0,0,0,0,0,0,0,0,0,1,0,0,0
Vampiro One,0,1,0,0,0,0,0,0,0,0,0,1,0,0,0,0,2
Varela,0,1,0,0,0,0,0,0,0,0,0,0,0,0,1,0,3
Varela Round,0,1,0,0,0,0,0,0,0,0,0,0,0,0,1,0,3
Varta,0,1,0,0,1,0,1,1,1,0,0,0,0,0,1,0,5
Vast Shadow,0,1,0,0,0,0,0,0,0,0,0,0,0,0,0,1,4
Vazirmatn,0,1,1,1,1,0,1,1,1,1,1,0,0,0,1,0,1
Vend Sans,1,1,0,0,1,0,1,1,1,0,0,0,0,0,1,0,5
Vesper Libre,0,1,0,0,0,0,1,0,1,0,1,0,0,0,0,1,6
Viaoda Libre,0,1,0,0,0,0,0,0,0,0,0,1,0,0,0,0,2
Vibes,0,1,0,0,0,0,0,0,0,0,0,1,0,0,0,0,2
Vibur,0,1,0,0,0,0,0,0,0,0,0,0,1,0,0,0,0
Victor Mono,1,1,1,1,1,0,1,1,1,0,0,0,0,1,0,0,8
Vidaloka,0,1,0,0,0,0,0,0,0,0,0,0,0,0,0,1,4
Viga,0,1,0,0,0,0,0,0,0,0,0,0,0,0,1,0,3
Vina Sans,0,1,0,0,0,0,0,0,0,0,0,1,0,0,0,0,2
Voces,0,1,0,0,0,0,0,0,0,0,0,0,0,0,1,0,3
Volkhov,1,1,0,0,0,0,0,0,1,0,0,0,0,0,0,1,4
Vollkorn,1,1,0,0,0,0,1,1,1,1,1,0,0,0,0,1,6
Vollkorn SC,0,1,0,0,0,0,0,1,1,0,1,0,0,0,0,1,6
Voltaire,0,1,0,0,0,0,0,0,0,0,0,0,0,0,1,0,3
Vujahday Script,0,1,0,0,0,0,0,0,0,0,0,0,1,0,0,0,0
WDXL Lubrifont JP N,0,1,0,0,0,0,0,0,0,0,0,0,0,0,1,0,3
WDXL Lubrifont SC,0,1,0,0,0,0,0,0,0,0,0,0,0,0,1,0,3
WDXL Lubrifont TC,0,1,0,0,0,0,0,0,0,0,0,0,0,0,1,0,3
Waiting for the Sunrise,0,1,0,0,0,0,0,0,0,0,0,0,1,0,0,0,0
Wallpoet,0,1,0,0,0,0,0,0,0,0,0,1,0,0,0,0,2
Walter Turncoat,0,1,0,0,0,0,0,0,0,0,0,0,1,0,0,0,0
Warnes,0,1,0,0,0,0,0,0,0,0,0,1,0,0,0,0,2
Water Brush,0,1,0,0,0,0,0,0,0,0,0,0,1,0,0,0,0
Waterfall,0,1,0,0,0,0,0,0,0,0,0,0,1,0,0,0,0
Wavefont,0,1,1,1,1,0,1,1,1,1,1,1,0,0,0,0,8
Wellfleet,0,1,0,0,0,0,0,0,0,0,0,0,0,0,0,1,4
Wendy One,0,1,0,0,0,0,0,0,0,0,0,0,0,0,1,0,3
Whisper,0,1,0,0,0,0,0,0,0,0,0,0,1,0,0,0,0
WindSong,0,1,0,0,0,0,1,0,0,0,0,0,1,0,0,0,0
Winky Rough,1,1,0,0,1,0,1,1,1,1,1,0,0,0,1,0,1
Winky Sans,1,1,0,0,1,0,1,1,1,1,1,0,0,0,1,0,1
Wire One,0,1,0,0,0,0,0,0,0,0,0,0,0,0,1,0,3
Wittgenstein,1,1,0,0,0,0,1,1,1,1,1,0,0,0,0,1,6
Wix Madefor Display,0,1,0,0,0,0,1,1,1,1,0,0,0,0,1,0,5
Wix Madefor Text,1,1,0,0,0,0,1,1,1,1,0,0,0,0,1,0,5
Work Sans,1,1,1,1,1,0,1,1,1,1,1,0,0,0,1,0,1
Workbench,0,1,0,0,0,0,0,0,0,0,0,0,0,1,0,0,0
Xanh Mono,1,1,0,0,0,0,0,0,0,0,0,0,0,1,0,0,9
Yaldevi,0,1,0,1,1,0,1,1,1,0,0,0,0,0,1,0,5
Yanone Kaffeesatz,0,1,0,1,1,0,1,1,1,0,0,0,0,0,1,0,5
Yantramanav,0,1,1,0,1,0,1,0,1,0,1,0,0,0,1,0,1
Yarndings 12,0,1,0,0,0,0,0,0,0,0,0,1,0,0,0,0,2
Yarndings 12 Charted,0,1,0,0,0,0,0,0,0,0,0,1,0,0,0,0,2
Yarndings 20,0,1,0,0,0,0,0,0,0,0,0,1,0,0,0,0,2
Yarndings 20 Charted,0,1,0,0,0,0,0,0,0,0,0,1,0,0,0,0,2
Yatra One,0,1,0,0,0,0,0,0,0,0,0,1,0,0,0,0,2
Yellowtail,0,1,0,0,0,0,0,0,0,0,0,0,1,0,0,0,0
Yeon Sung,0,1,0,0,0,0,0,0,0,0,0,1,0,0,0,0,2
Yeseva One,0,1,0,0,0,0,0,0,0,0,0,1,0,0,0,0,2
Yesteryear,0,1,0,0,0,0,0,0,0,0,0,0,1,0,0,0,0
Yomogi,0,1,0,0,0,0,0,0,0,0,0,0,1,0,0,0,0
Young Serif,0,1,0,0,0,0,0,0,0,0,0,0,0,0,0,1,4
Yrsa,1,1,0,0,1,0,1,1,1,0,0,0,0,0,0,1,6
Ysabeau,1,1,1,1,1,0,1,1,1,1,1,0,0,0,1,0,1
Ysabeau Infant,1,1,1,1,1,0,1,1,1,1,1,0,0,0,1,0,1
Ysabeau Office,1,1,1,1,1,0,1,1,1,1,1,0,0,0,1,0,1
Ysabeau SC,0,1,1,1,1,0,1,1,1,1,1,0,0,0,1,0,1
Yuji Boku,0,1,0,0,0,0,0,0,0,0,0,0,0,0,0,1,4
Yuji Hentaigana Akari,0,1,0,0,0,0,0,0,0,0,0,0,1,0,0,0,0
Yuji Hentaigana Akebono,0,1,0,0,0,0,0,0,0,0,0,0,1,0,0,0,0
Yuji Mai,0,1,0,0,0,0,0,0,0,0,0,0,0,0,0,1,4
Yuji Syuku,0,1,0,0,0,0,0,0,0,0,0,0,0,0,0,1,4
Yusei Magic,0,1,0,0,0,0,0,0,0,0,0,0,0,0,1,0,3
ZCOOL KuaiLe,0,1,0,0,0,0,0,0,0,0,0,0,0,0,1,0,3
ZCOOL QingKe HuangYou,0,1,0,0,0,0,0,0,0,0,0,0,0,0,1,0,3
ZCOOL XiaoWei,0,1,0,0,0,0,0,0,0,0,0,0,0,0,1,0,3
Zain,1,1,0,1,1,0,0,0,1,1,1,0,0,0,1,0,1
Zalando Sans,1,1,0,1,1,0,1,1,1,1,1,0,0,0,1,0,1
Zalando Sans Expanded,1,1,0,1,1,0,1,1,1,1,1,0,0,0,1,0,1
Zalando Sans SemiExpanded,1,1,0,1,1,0,1,1,1,1,1,0,0,0,1,0,1
Zen Antique,0,1,0,0,0,0,0,0,0,0,0,0,0,0,0,1,4
Zen Antique Soft,0,1,0,0,0,0,0,0,0,0,0,0,0,0,0,1,4
Zen Dots,0,1,0,0,0,0,0,0,0,0,0,1,0,0,0,0,2
Zen Kaku Gothic Antique,0,1,0,0,1,0,1,0,1,0,1,0,0,0,1,0,5
Zen Kaku Gothic New,0,1,0,0,1,0,1,0,1,0,1,0,0,0,1,0,5
Zen Kurenaido,0,1,0,0,0,0,0,0,0,0,0,0,0,0,1,0,3
Zen Loop,1,1,0,0,0,0,0,0,0,0,0,1,0,0,0,0,2
Zen Maru Gothic,0,1,0,0,1,0,1,0,1,0,1,0,0,0,1,0,5
Zen Old Mincho,0,1,0,0,0,0,1,1,1,0,1,0,0,0,0,1,6
Zen Tokyo Zoo,0,1,0,0,0,0,0,0,0,0,0,1,0,0,0,0,2
Zeyada,0,1,0,0,0,0,0,0,0,0,0,0,1,0,0,0,0
Zhi Mang Xing,0,1,0,0,0,0,0,0,0,0,0,0,1,0,0,0,0
Zilla Slab,1,1,0,0,1,0,1,1,1,0,0,0,0,0,0,1,6
Zilla Slab Highlight,0,1,0,0,0,0,0,0,1,0,0,0,0,0,0,1,4
